2025-12-03 16:52:32      VerifyAccessWithDate 0
2025-12-03 16:52:32      getLicenseDate
2025-12-03 16:52:32      GetNetworkTime 0
2025-12-03 16:52:32      GetNetworkTime 1
2025-12-03 16:52:32      GetNetworkTime 2
2025-12-03 16:52:32      GetNetworkTime 3
2025-12-03 16:52:32      GetNetworkTime 4
2025-12-03 16:52:32      GetNetworkTime:3973765993896
2025-12-03 16:52:32      Unrecognized argument!
2025-12-03 16:52:32      SCUT Finished!
2025-12-03 16:55:01      VerifyAccessWithDate 0
2025-12-03 16:55:01      getLicenseDate
2025-12-03 16:55:01      GetNetworkTime 0
2025-12-03 16:55:01      GetNetworkTime 1
2025-12-03 16:55:01      GetNetworkTime 2
2025-12-03 16:55:01      GetNetworkTime 3
2025-12-03 16:55:01      GetNetworkTime 4
2025-12-03 16:55:01      GetNetworkTime:3973766143636
2025-12-03 16:55:01      Temp folder existing, cleanup it first!
2025-12-03 16:55:01      C:\_\WFCUT_December2025\WFBS\wfbs_client_x64.exe or C:\_\WFCUT_December2025\WFBS\wfbs_client_x64.msi  NOT existing....pls make sure it is existing, before execute CUT.exe!
2025-12-03 16:55:33      VerifyAccessWithDate 0
2025-12-03 16:55:33      getLicenseDate
2025-12-03 16:55:33      GetNetworkTime 0
2025-12-03 16:55:33      GetNetworkTime 1
2025-12-03 16:55:33      GetNetworkTime 2
2025-12-03 16:55:33      GetNetworkTime 3
2025-12-03 16:55:33      GetNetworkTime 4
2025-12-03 16:55:33      GetNetworkTime:3973766175561
2025-12-03 16:55:33      Temp folder existing, cleanup it first!
2025-12-03 16:55:33      C:\_\WFCUT_December2025\WFBS\wfbs_client_x64.exe or C:\_\WFCUT_December2025\WFBS\wfbs_client_x64.msi  NOT existing....pls make sure it is existing, before execute CUT.exe!
2025-12-09 17:20:15      VerifyAccessWithDate 0
2025-12-09 17:20:15      getLicenseDate
2025-12-09 17:20:15      GetNetworkTime 0
2025-12-09 17:20:15      GetNetworkTime 1
2025-12-09 17:20:15      GetNetworkTime 2
2025-12-09 17:20:15      GetNetworkTime 3
2025-12-09 17:20:15      GetNetworkTime 4
2025-12-09 17:20:15      GetNetworkTime:3974286058297
2025-12-09 17:20:15      Temp folder existing, cleanup it first!
2025-12-09 17:20:15      ExtractResourceEXEFilec:\temp\7597ed8d2925998a62a3281e938eaf02\msizap_64x.exe
2025-12-09 17:20:15      ExtractResourceTextFilec:\temp\7597ed8d2925998a62a3281e938eaf02\ms_temp20251209052015_x.bat
2025-12-09 17:20:15      ExtractResourceEXEFilec:\temp\7597ed8d2925998a62a3281e938eaf02\ms_temp20251209052015_x.exe
2025-12-09 17:20:15      ExtractResourceTextFilec:\temp\7597ed8d2925998a62a3281e938eaf02\CmnUnins.ini
2025-12-09 17:20:15      ExtractResourceEXEFilec:\temp\7597ed8d2925998a62a3281e938eaf02\iVP_Clp_64x.exe
2025-12-09 17:20:15      ExtractResourceEXEFilec:\temp\7597ed8d2925998a62a3281e938eaf02\iAC_Clp_64x.exe
2025-12-09 17:20:15      ExtractResourceEXEFilec:\temp\7597ed8d2925998a62a3281e938eaf02\iES_Clp_64x.exe
2025-12-09 17:20:15      ExtractResourceEXEFilec:\temp\7597ed8d2925998a62a3281e938eaf02\TmFixDuplicateKey.exe
2025-12-09 17:20:15      ExtractResourceEXEFilec:\temp\7597ed8d2925998a62a3281e938eaf02\iDLP_Clp.exe
2025-12-09 17:20:15      ExtractResourceEXEFilec:\temp\7597ed8d2925998a62a3281e938eaf02\tmlwfins_64x.exe
2025-12-09 17:20:16      Remove duplicate key!
2025-12-09 17:20:19      this is 64bit OS....
2025-12-09 17:20:19      Running common uninstall tool for agent.....
2025-12-09 17:20:24        ---Finished Step1, Running Step2.....
2025-12-09 17:20:29        ---Finished Step2, Running Step3.....
2025-12-09 17:22:39        ---Finished Step3, Running Step4.....
2025-12-09 17:27:33      VerifyAccessWithDate 0
2025-12-09 17:27:33      getLicenseDate
2025-12-09 17:27:33      GetNetworkTime 0
2025-12-09 17:27:33      GetNetworkTime 1
2025-12-09 17:27:34      GetNetworkTime 2
2025-12-09 17:27:34      GetNetworkTime 3
2025-12-09 17:27:34      GetNetworkTime 4
2025-12-09 17:27:34      GetNetworkTime:3974286496908
2025-12-09 17:27:34      Temp folder existing, cleanup it first!
2025-12-09 17:27:34      ExtractResourceEXEFilec:\temp\7597ed8d2925998a62a3281e938eaf02\msizap_64x.exe
2025-12-09 17:27:34      ExtractResourceTextFilec:\temp\7597ed8d2925998a62a3281e938eaf02\ms_temp20251209052733_x.bat
2025-12-09 17:27:34      ExtractResourceEXEFilec:\temp\7597ed8d2925998a62a3281e938eaf02\ms_temp20251209052733_x.exe
2025-12-09 17:27:34      ExtractResourceTextFilec:\temp\7597ed8d2925998a62a3281e938eaf02\CmnUnins.ini
2025-12-09 17:27:34      ExtractResourceEXEFilec:\temp\7597ed8d2925998a62a3281e938eaf02\iVP_Clp_64x.exe
2025-12-09 17:27:34      ExtractResourceEXEFilec:\temp\7597ed8d2925998a62a3281e938eaf02\iAC_Clp_64x.exe
2025-12-09 17:27:34      ExtractResourceEXEFilec:\temp\7597ed8d2925998a62a3281e938eaf02\iES_Clp_64x.exe
2025-12-09 17:27:34      ExtractResourceEXEFilec:\temp\7597ed8d2925998a62a3281e938eaf02\TmFixDuplicateKey.exe
2025-12-09 17:27:34      ExtractResourceEXEFilec:\temp\7597ed8d2925998a62a3281e938eaf02\iDLP_Clp.exe
2025-12-09 17:27:34      ExtractResourceEXEFilec:\temp\7597ed8d2925998a62a3281e938eaf02\tmlwfins_64x.exe
2025-12-09 17:27:34      Remove duplicate key!
2025-12-09 17:27:37      this is 64bit OS....
2025-12-09 17:27:37      Running common uninstall tool for agent.....
2025-12-09 17:27:42        ---Finished Step1, Running Step2.....
2025-12-09 17:27:42        ---Finished Step2, Running Step3.....
2025-12-09 17:29:52        ---Finished Step3, Running Step4.....
2025-12-09 17:43:59        ---Finished Step4, Running Step5.....
2025-12-09 17:43:59        ---Finished Step5, Running Step6.....
2025-12-09 17:43:59        ---Finished Step6, Running Step7.....
2025-12-09 17:43:59        ---Finished Step7, Running Step8.....
2025-12-09 17:44:04        ---Finished Step8, Running Step9.....
2025-12-09 17:49:07      Finish to monitor Common Uninstall process, please check ComUnist.log for more details.
2025-12-09 17:49:10      Delete 64bit view REG key Operation Failed.
2025-12-09 17:49:10      HKLM\SOFTWARE\Microsoft\Windows\CurrentVersion\Installer\Folders, C:\Program Files (x86)\Trend Micro\Security Agent\\
2025-12-09 17:49:10      Delete 64bit view REG key Operation Failed.
2025-12-09 17:49:10      HKLM\SOFTWARE\Microsoft\Windows\CurrentVersion\Installer\Folders, C:\Program Files (x86)\Trend Micro\OfficeScan Client\\
2025-12-09 17:49:10      Delete 64bit view REG key Operation Failed.
2025-12-09 17:49:10      HKLM\SOFTWARE\Microsoft\Windows\CurrentVersion\Installer\Folders, C:\ProgramData\Microsoft\Windows\Start Menu\Programs\Trend Micro Worry-Free Business Security Agent\\
2025-12-09 17:49:10      Delete 64bit view REG key Operation Failed.Operazione completata.

2025-12-09 17:49:10      HKLM\SOFTWARE\Microsoft\Windows\CurrentVersion\Installer\Folders, C:\ProgramData\Microsoft\Windows\Start Menu\Programs\Trend Micro Security Agent\\
2025-12-09 17:49:10      Finished iVP cleanup....
2025-12-09 17:49:29      Finished TMEAC cleanup....
2025-12-09 17:49:33      Finished iAC cleanup....
2025-12-09 17:49:38      Finished iES cleanup....
2025-12-09 17:49:38      Cleanup iES_Clp_64x.exe, met exception.
2025-12-09 17:49:41      Cleanup iES_Clp_64x.exe, met exception.
2025-12-09 17:49:44      Cleanup iES_Clp_64x.exe, met exception.
2025-12-09 17:49:47      Cleanup iES_Clp_64x.exe, met exception.
2025-12-09 17:49:50      Cleanup iES_Clp_64x.exe, met exception.
2025-12-09 17:49:56      Delete C:\Program Files (x86)\Trend Micro\Client Server Security Agent\HostedAgent\Misc\EventLog.db Met exception:System.IO.IOException: Il processo non può accedere al file 'C:\Program Files (x86)\Trend Micro\Client Server Security Agent\HostedAgent\Misc\EventLog.db' perché è in uso da un altro processo.
   in System.IO.__Error.WinIOError(Int32 errorCode, String maybeFullPath)
   in System.IO.File.InternalDelete(String path, Boolean checkHost)
   in System.IO.File.Delete(String path)
   in CUT.Program.DirSearch(String dir)
2025-12-09 17:49:56      Delete C:\Program Files (x86)\Trend Micro\Client Server Security Agent\HostedAgent\Misc\EventLog.db Met exception:System.IO.IOException: Il processo non può accedere al file 'C:\Program Files (x86)\Trend Micro\Client Server Security Agent\HostedAgent\Misc\EventLog.db' perché è in uso da un altro processo.
   in System.IO.__Error.WinIOError(Int32 errorCode, String maybeFullPath)
   in System.IO.File.InternalDelete(String path, Boolean checkHost)
   in System.IO.File.Delete(String path)
   in CUT.Program.DirSearch(String dir)
2025-12-09 17:49:56      Delete iXX folder, met exception: System.IO.IOException: Il processo non può accedere al file 'EventLog.db' perché è in uso da un altro processo.
   in System.IO.Directory.DeleteHelper(String fullPath, String userPath, Boolean recursive, Boolean throwOnTopLevelDirectoryNotFound, WIN32_FIND_DATA& data)
   in System.IO.Directory.Delete(String fullPath, String userPath, Boolean recursive, Boolean checkHost)
   in CUT.Program.RemoveiServiceFolders(String iXXpath, String AppPath)
2025-12-09 17:49:56      Delete AppPath folder, met exception: System.IO.IOException: Il processo non può accedere al file 'EventLog.db' perché è in uso da un altro processo.
   in System.IO.Directory.DeleteHelper(String fullPath, String userPath, Boolean recursive, Boolean throwOnTopLevelDirectoryNotFound, WIN32_FIND_DATA& data)
   in System.IO.Directory.Delete(String fullPath, String userPath, Boolean recursive, Boolean checkHost)
   in CUT.Program.RemoveiServiceFolders(String iXXpath, String AppPath)
2025-12-09 17:49:56      Finished iDLP double cleanup....
2025-12-09 17:49:59      Delete C:\Program Files (x86)\Trend Micro\Client Server Security Agent\HostedAgent\Misc\EventLog.db Met exception:System.IO.IOException: Il processo non può accedere al file 'C:\Program Files (x86)\Trend Micro\Client Server Security Agent\HostedAgent\Misc\EventLog.db' perché è in uso da un altro processo.
   in System.IO.__Error.WinIOError(Int32 errorCode, String maybeFullPath)
   in System.IO.File.InternalDelete(String path, Boolean checkHost)
   in System.IO.File.Delete(String path)
   in CUT.Program.DirSearch(String dir)
2025-12-09 17:49:59      Delete C:\Program Files (x86)\Trend Micro\Client Server Security Agent\HostedAgent\Misc\EventLog.db Met exception:System.IO.IOException: Il processo non può accedere al file 'C:\Program Files (x86)\Trend Micro\Client Server Security Agent\HostedAgent\Misc\EventLog.db' perché è in uso da un altro processo.
   in System.IO.__Error.WinIOError(Int32 errorCode, String maybeFullPath)
   in System.IO.File.InternalDelete(String path, Boolean checkHost)
   in System.IO.File.Delete(String path)
   in CUT.Program.DirSearch(String dir)
2025-12-09 17:49:59      Delete XBC folder, met exception: System.IO.IOException: Il processo non può accedere al file 'EventLog.db' perché è in uso da un altro processo.
   in System.IO.Directory.DeleteHelper(String fullPath, String userPath, Boolean recursive, Boolean throwOnTopLevelDirectoryNotFound, WIN32_FIND_DATA& data)
   in System.IO.Directory.Delete(String fullPath, String userPath, Boolean recursive, Boolean checkHost)
   in CUT.Program.DeleteXBCSCPFolder(String AppPath)
2025-12-09 17:49:59      Delete SCP folder, met exception: System.IO.IOException: Il processo non può accedere al file 'EventLog.db' perché è in uso da un altro processo.
   in System.IO.Directory.DeleteHelper(String fullPath, String userPath, Boolean recursive, Boolean throwOnTopLevelDirectoryNotFound, WIN32_FIND_DATA& data)
   in System.IO.Directory.Delete(String fullPath, String userPath, Boolean recursive, Boolean checkHost)
   in CUT.Program.DeleteXBCSCPFolder(String AppPath)
2025-12-09 17:49:59      Deleted Schedule Task: Trend Micro Apex One Security Services Support Connector
2025-12-09 17:50:00      Deleted Schedule Task: Trend Micro Worry-Free Business Security Services Recovery Pack Tool
2025-12-09 17:50:00      DelSpecificRegKeys foreach met exception: System.ArgumentException: Caratteri non validi nel percorso.
   in System.IO.Path.CheckInvalidPathChars(String path, Boolean checkAdditional)
   in System.IO.Path.GetFileName(String path)
   in CUT.Program.DelSpecificRegKeys()
2025-12-09 17:50:00      Delete plugin reg key. Key Under: {6138A34F-DCA4-48D0-95CC-51E1D8F30B58}, under HKEY_CLASSES_ROOT\CLSID
2025-12-09 17:50:00      Delete 64bit view REG key Operation Failed.Operazione completata.

2025-12-09 17:50:00      HKEY_CLASSES_ROOT\CLSID\{6138A34F-DCA4-48D0-95CC-51E1D8F30B58}
2025-12-09 17:50:00      DelSpecificRegKeys met exception: System.ArgumentException: Caratteri non validi nel percorso.
   in System.IO.Path.CheckInvalidPathChars(String path, Boolean checkAdditional)
   in System.IO.Path.GetFileName(String path)
   in CUT.Program.DelSpecificRegKeys()
2025-12-09 17:50:00      DelSpecificRegKeys met exception: System.NullReferenceException: Riferimento a un oggetto non impostato su un'istanza di oggetto.
   in CUT.Program.DelSpecificRegKeys()
2025-12-09 17:50:00      DelSpecificRegKeys met exception: System.NullReferenceException: Riferimento a un oggetto non impostato su un'istanza di oggetto.
   in CUT.Program.DelSpecificRegKeys()
2025-12-09 17:50:00      agent REG has not been removed completely.

2025-12-09 17:50:02      Finished running MSI clean bat....
2025-12-09 17:50:08      Finished....
2025-12-09 17:50:08      You need to reboot PC once finally!
2025-12-09 17:50:08      removeGuidsForAgent met exception: System.ComponentModel.Win32Exception (0x80004005): Impossibile trovare il file specificato
   in System.Diagnostics.Process.StartWithCreateProcess(ProcessStartInfo startInfo)
   in System.Diagnostics.Process.Start()
   in CUT.Program.removeGuidsForAgent()
2025-12-09 17:50:20      VerifyAccessWithDate 0
2025-12-09 17:50:20      getLicenseDate
2025-12-09 17:50:20      GetNetworkTime 0
2025-12-09 17:50:20      GetNetworkTime 1
2025-12-09 17:50:20      GetNetworkTime 2
2025-12-09 17:50:20      GetNetworkTime 3
2025-12-09 17:50:20      GetNetworkTime 4
2025-12-09 17:50:20      GetNetworkTime:3974287862849
2025-12-09 17:50:20      Temp folder existing, cleanup it first!
2025-12-09 17:50:20      ExtractResourceEXEFilec:\temp\7597ed8d2925998a62a3281e938eaf02\msizap_64x.exe
2025-12-09 17:50:20      ExtractResourceTextFilec:\temp\7597ed8d2925998a62a3281e938eaf02\ms_temp20251209055020_x.bat
2025-12-09 17:50:20      ExtractResourceEXEFilec:\temp\7597ed8d2925998a62a3281e938eaf02\ms_temp20251209055020_x.exe
2025-12-09 17:50:20      ExtractResourceTextFilec:\temp\7597ed8d2925998a62a3281e938eaf02\CmnUnins.ini
2025-12-09 17:50:20      ExtractResourceEXEFilec:\temp\7597ed8d2925998a62a3281e938eaf02\iVP_Clp_64x.exe
2025-12-09 17:50:20      ExtractResourceEXEFilec:\temp\7597ed8d2925998a62a3281e938eaf02\iAC_Clp_64x.exe
2025-12-09 17:50:20      ExtractResourceEXEFilec:\temp\7597ed8d2925998a62a3281e938eaf02\iES_Clp_64x.exe
2025-12-09 17:50:20      ExtractResourceEXEFilec:\temp\7597ed8d2925998a62a3281e938eaf02\TmFixDuplicateKey.exe
2025-12-09 17:50:20      ExtractResourceEXEFilec:\temp\7597ed8d2925998a62a3281e938eaf02\iDLP_Clp.exe
2025-12-09 17:50:20      ExtractResourceEXEFilec:\temp\7597ed8d2925998a62a3281e938eaf02\tmlwfins_64x.exe
2025-12-09 17:50:20      Remove duplicate key!
2025-12-09 17:50:23      this is 64bit OS....
2025-12-09 17:50:23      Running common uninstall tool for agent.....
2025-12-09 17:50:28        ---Finished Step1, Running Step2.....
2025-12-09 17:50:28        ---Finished Step2, Running Step3.....
2025-12-09 17:52:38        ---Finished Step3, Running Step4.....
2025-12-09 17:54:38        ---Finished Step4, Running Step5.....
2025-12-09 17:54:38        ---Finished Step5, Running Step6.....
2025-12-09 17:54:38        ---Finished Step6, Running Step7.....
2025-12-09 17:54:38        ---Finished Step7, Running Step8.....
2025-12-09 17:54:43      Finish to monitor Common Uninstall process, please check ComUnist.log for more details.
2025-12-09 17:54:47      Delete 64bit view REG key Operation Failed.
2025-12-09 17:54:47      HKLM\SOFTWARE\Microsoft\Windows\CurrentVersion\Installer\Folders, C:\Program Files (x86)\Trend Micro\Security Agent\\
2025-12-09 17:54:47      Delete 64bit view REG key Operation Failed.
2025-12-09 17:54:47      HKLM\SOFTWARE\Microsoft\Windows\CurrentVersion\Installer\Folders, C:\Program Files (x86)\Trend Micro\OfficeScan Client\\
2025-12-09 17:54:47      Delete 64bit view REG key Operation Failed.
2025-12-09 17:54:47      HKLM\SOFTWARE\Microsoft\Windows\CurrentVersion\Installer\Folders, C:\ProgramData\Microsoft\Windows\Start Menu\Programs\Trend Micro Worry-Free Business Security Agent\\
2025-12-09 17:54:47      Delete 64bit view REG key Operation Failed.
2025-12-09 17:54:47      HKLM\SOFTWARE\Microsoft\Windows\CurrentVersion\Installer\Folders, C:\ProgramData\Microsoft\Windows\Start Menu\Programs\Trend Micro Security Agent\\
2025-12-09 17:54:47      Finished iVP cleanup....
2025-12-09 17:55:05      Finished TMEAC cleanup....
2025-12-09 17:55:09      Finished iAC cleanup....
2025-12-09 17:55:14      Finished iES cleanup....
2025-12-09 17:55:14      Cleanup iES_Clp_64x.exe, met exception.
2025-12-09 17:55:17      Cleanup iES_Clp_64x.exe, met exception.
2025-12-09 17:55:20      Cleanup iES_Clp_64x.exe, met exception.
2025-12-09 17:55:23      Cleanup iES_Clp_64x.exe, met exception.
2025-12-09 17:55:26      Cleanup iES_Clp_64x.exe, met exception.
2025-12-09 17:55:32      Delete iXX folder, met exception: System.IO.DirectoryNotFoundException: Impossibile trovare una parte del percorso 'C:\Program Files (x86)\Trend Micro\iService\'.
   in System.IO.__Error.WinIOError(Int32 errorCode, String maybeFullPath)
   in System.IO.Directory.Delete(String fullPath, String userPath, Boolean recursive, Boolean checkHost)
   in CUT.Program.RemoveiServiceFolders(String iXXpath, String AppPath)
2025-12-09 17:55:32      Delete AppPath folder, met exception: System.IO.DirectoryNotFoundException: Impossibile trovare una parte del percorso 'C:\Program Files (x86)\Trend Micro\Security Agent\'.
   in System.IO.__Error.WinIOError(Int32 errorCode, String maybeFullPath)
   in System.IO.Directory.Delete(String fullPath, String userPath, Boolean recursive, Boolean checkHost)
   in CUT.Program.RemoveiServiceFolders(String iXXpath, String AppPath)
2025-12-09 17:55:32      Finished iDLP double cleanup....
2025-12-09 17:55:35      Delete C:\Program Files (x86)\Trend Micro\Endpoint Basecamp\EndpointBasecamp.exe Met exception:System.UnauthorizedAccessException: Accesso al percorso 'C:\Program Files (x86)\Trend Micro\Endpoint Basecamp\EndpointBasecamp.exe' negato.
   in System.IO.__Error.WinIOError(Int32 errorCode, String maybeFullPath)
   in System.IO.File.InternalDelete(String path, Boolean checkHost)
   in System.IO.File.Delete(String path)
   in CUT.Program.DirSearch(String dir)
2025-12-09 17:55:35      Delete C:\Program Files (x86)\Trend Micro\Endpoint Basecamp\log\CETASvcDebug.log Met exception:System.IO.IOException: Il processo non può accedere al file 'C:\Program Files (x86)\Trend Micro\Endpoint Basecamp\log\CETASvcDebug.log' perché è in uso da un altro processo.
   in System.IO.__Error.WinIOError(Int32 errorCode, String maybeFullPath)
   in System.IO.File.InternalDelete(String path, Boolean checkHost)
   in System.IO.File.Delete(String path)
   in CUT.Program.DirSearch(String dir)
2025-12-09 17:55:35      Delete C:\Program Files (x86)\Trend Micro\Endpoint Basecamp\log\VOMSvcDebug.log Met exception:System.IO.IOException: Il processo non può accedere al file 'C:\Program Files (x86)\Trend Micro\Endpoint Basecamp\log\VOMSvcDebug.log' perché è in uso da un altro processo.
   in System.IO.__Error.WinIOError(Int32 errorCode, String maybeFullPath)
   in System.IO.File.InternalDelete(String path, Boolean checkHost)
   in System.IO.File.Delete(String path)
   in CUT.Program.DirSearch(String dir)
2025-12-09 17:55:35      Delete C:\Program Files (x86)\Trend Micro\Endpoint Basecamp\modules\vom\dllXbcSdk.dll Met exception:System.UnauthorizedAccessException: Accesso al percorso 'C:\Program Files (x86)\Trend Micro\Endpoint Basecamp\modules\vom\dllXbcSdk.dll' negato.
   in System.IO.__Error.WinIOError(Int32 errorCode, String maybeFullPath)
   in System.IO.File.InternalDelete(String path, Boolean checkHost)
   in System.IO.File.Delete(String path)
   in CUT.Program.DirSearch(String dir)
2025-12-09 17:55:35      Delete C:\Program Files (x86)\Trend Micro\Endpoint Basecamp\modules\vom\VOM.dll Met exception:System.UnauthorizedAccessException: Accesso al percorso 'C:\Program Files (x86)\Trend Micro\Endpoint Basecamp\modules\vom\VOM.dll' negato.
   in System.IO.__Error.WinIOError(Int32 errorCode, String maybeFullPath)
   in System.IO.File.InternalDelete(String path, Boolean checkHost)
   in System.IO.File.Delete(String path)
   in CUT.Program.DirSearch(String dir)
2025-12-09 17:55:35      Delete C:\Program Files (x86)\Trend Micro\Endpoint Basecamp\modules\vom\modules\CeBridgeProxyModule\CeBridgeProxyModule.dll Met exception:System.UnauthorizedAccessException: Accesso al percorso 'C:\Program Files (x86)\Trend Micro\Endpoint Basecamp\modules\vom\modules\CeBridgeProxyModule\CeBridgeProxyModule.dll' negato.
   in System.IO.__Error.WinIOError(Int32 errorCode, String maybeFullPath)
   in System.IO.File.InternalDelete(String path, Boolean checkHost)
   in System.IO.File.Delete(String path)
   in CUT.Program.DirSearch(String dir)
2025-12-09 17:55:35      Delete C:\Program Files (x86)\Trend Micro\Endpoint Basecamp\modules\vom\modules\Ceta\Ceta.dll Met exception:System.UnauthorizedAccessException: Accesso al percorso 'C:\Program Files (x86)\Trend Micro\Endpoint Basecamp\modules\vom\modules\Ceta\Ceta.dll' negato.
   in System.IO.__Error.WinIOError(Int32 errorCode, String maybeFullPath)
   in System.IO.File.InternalDelete(String path, Boolean checkHost)
   in System.IO.File.Delete(String path)
   in CUT.Program.DirSearch(String dir)
2025-12-09 17:55:35      Delete C:\Program Files (x86)\Trend Micro\Endpoint Basecamp\modules\vom\modules\ElamMgmtModule\ElamMgmtModule.dll Met exception:System.UnauthorizedAccessException: Accesso al percorso 'C:\Program Files (x86)\Trend Micro\Endpoint Basecamp\modules\vom\modules\ElamMgmtModule\ElamMgmtModule.dll' negato.
   in System.IO.__Error.WinIOError(Int32 errorCode, String maybeFullPath)
   in System.IO.File.InternalDelete(String path, Boolean checkHost)
   in System.IO.File.Delete(String path)
   in CUT.Program.DirSearch(String dir)
2025-12-09 17:55:35      Delete C:\Program Files (x86)\Trend Micro\Endpoint Basecamp\modules\vom\modules\Mosquitto\libcrypto-3.dll Met exception:System.UnauthorizedAccessException: Accesso al percorso 'C:\Program Files (x86)\Trend Micro\Endpoint Basecamp\modules\vom\modules\Mosquitto\libcrypto-3.dll' negato.
   in System.IO.__Error.WinIOError(Int32 errorCode, String maybeFullPath)
   in System.IO.File.InternalDelete(String path, Boolean checkHost)
   in System.IO.File.Delete(String path)
   in CUT.Program.DirSearch(String dir)
2025-12-09 17:55:35      Delete C:\Program Files (x86)\Trend Micro\Endpoint Basecamp\modules\vom\modules\Mosquitto\libssl-3.dll Met exception:System.UnauthorizedAccessException: Accesso al percorso 'C:\Program Files (x86)\Trend Micro\Endpoint Basecamp\modules\vom\modules\Mosquitto\libssl-3.dll' negato.
   in System.IO.__Error.WinIOError(Int32 errorCode, String maybeFullPath)
   in System.IO.File.InternalDelete(String path, Boolean checkHost)
   in System.IO.File.Delete(String path)
   in CUT.Program.DirSearch(String dir)
2025-12-09 17:55:35      Delete C:\Program Files (x86)\Trend Micro\Endpoint Basecamp\modules\vom\modules\Mosquitto\mosquitto.log Met exception:System.IO.IOException: Il processo non può accedere al file 'C:\Program Files (x86)\Trend Micro\Endpoint Basecamp\modules\vom\modules\Mosquitto\mosquitto.log' perché è in uso da un altro processo.
   in System.IO.__Error.WinIOError(Int32 errorCode, String maybeFullPath)
   in System.IO.File.InternalDelete(String path, Boolean checkHost)
   in System.IO.File.Delete(String path)
   in CUT.Program.DirSearch(String dir)
2025-12-09 17:55:35      Delete C:\Program Files (x86)\Trend Micro\Endpoint Basecamp\modules\vom\modules\Mosquitto\voneauth.dll Met exception:System.UnauthorizedAccessException: Accesso al percorso 'C:\Program Files (x86)\Trend Micro\Endpoint Basecamp\modules\vom\modules\Mosquitto\voneauth.dll' negato.
   in System.IO.__Error.WinIOError(Int32 errorCode, String maybeFullPath)
   in System.IO.File.InternalDelete(String path, Boolean checkHost)
   in System.IO.File.Delete(String path)
   in CUT.Program.DirSearch(String dir)
2025-12-09 17:55:35      Delete C:\Program Files (x86)\Trend Micro\Endpoint Basecamp\modules\vom\modules\Mosquitto\VOneBroker.dll Met exception:System.UnauthorizedAccessException: Accesso al percorso 'C:\Program Files (x86)\Trend Micro\Endpoint Basecamp\modules\vom\modules\Mosquitto\VOneBroker.dll' negato.
   in System.IO.__Error.WinIOError(Int32 errorCode, String maybeFullPath)
   in System.IO.File.InternalDelete(String path, Boolean checkHost)
   in System.IO.File.Delete(String path)
   in CUT.Program.DirSearch(String dir)
2025-12-09 17:55:35      Delete C:\Program Files (x86)\Trend Micro\Endpoint Basecamp\modules\vom\modules\UiBridgeModule\UiBridgeModule.dll Met exception:System.UnauthorizedAccessException: Accesso al percorso 'C:\Program Files (x86)\Trend Micro\Endpoint Basecamp\modules\vom\modules\UiBridgeModule\UiBridgeModule.dll' negato.
   in System.IO.__Error.WinIOError(Int32 errorCode, String maybeFullPath)
   in System.IO.File.InternalDelete(String path, Boolean checkHost)
   in System.IO.File.Delete(String path)
   in CUT.Program.DirSearch(String dir)
2025-12-09 17:55:35      Delete C:\Program Files (x86)\Trend Micro\Endpoint Basecamp\modules\vom\modules\UiBridgeModule\log_db\log_17652975921967314.db Met exception:System.IO.IOException: Il processo non può accedere al file 'C:\Program Files (x86)\Trend Micro\Endpoint Basecamp\modules\vom\modules\UiBridgeModule\log_db\log_17652975921967314.db' perché è in uso da un altro processo.
   in System.IO.__Error.WinIOError(Int32 errorCode, String maybeFullPath)
   in System.IO.File.InternalDelete(String path, Boolean checkHost)
   in System.IO.File.Delete(String path)
   in CUT.Program.DirSearch(String dir)
2025-12-09 17:55:35      Delete C:\Program Files (x86)\Trend Micro\Endpoint Basecamp\modules\vom\modules\UiBridgeModule\VOneAgentConsole\clrjit.dll Met exception:System.UnauthorizedAccessException: Accesso al percorso 'C:\Program Files (x86)\Trend Micro\Endpoint Basecamp\modules\vom\modules\UiBridgeModule\VOneAgentConsole\clrjit.dll' negato.
   in System.IO.__Error.WinIOError(Int32 errorCode, String maybeFullPath)
   in System.IO.File.InternalDelete(String path, Boolean checkHost)
   in System.IO.File.Delete(String path)
   in CUT.Program.DirSearch(String dir)
2025-12-09 17:55:35      Delete C:\Program Files (x86)\Trend Micro\Endpoint Basecamp\modules\vom\modules\UiBridgeModule\VOneAgentConsole\coreclr.dll Met exception:System.UnauthorizedAccessException: Accesso al percorso 'C:\Program Files (x86)\Trend Micro\Endpoint Basecamp\modules\vom\modules\UiBridgeModule\VOneAgentConsole\coreclr.dll' negato.
   in System.IO.__Error.WinIOError(Int32 errorCode, String maybeFullPath)
   in System.IO.File.InternalDelete(String path, Boolean checkHost)
   in System.IO.File.Delete(String path)
   in CUT.Program.DirSearch(String dir)
2025-12-09 17:55:35      Delete C:\Program Files (x86)\Trend Micro\Endpoint Basecamp\modules\vom\modules\UiBridgeModule\VOneAgentConsole\DirectWriteForwarder.dll Met exception:System.UnauthorizedAccessException: Accesso al percorso 'C:\Program Files (x86)\Trend Micro\Endpoint Basecamp\modules\vom\modules\UiBridgeModule\VOneAgentConsole\DirectWriteForwarder.dll' negato.
   in System.IO.__Error.WinIOError(Int32 errorCode, String maybeFullPath)
   in System.IO.File.InternalDelete(String path, Boolean checkHost)
   in System.IO.File.Delete(String path)
   in CUT.Program.DirSearch(String dir)
2025-12-09 17:55:35      Delete C:\Program Files (x86)\Trend Micro\Endpoint Basecamp\modules\vom\modules\UiBridgeModule\VOneAgentConsole\Google.Protobuf.dll Met exception:System.UnauthorizedAccessException: Accesso al percorso 'C:\Program Files (x86)\Trend Micro\Endpoint Basecamp\modules\vom\modules\UiBridgeModule\VOneAgentConsole\Google.Protobuf.dll' negato.
   in System.IO.__Error.WinIOError(Int32 errorCode, String maybeFullPath)
   in System.IO.File.InternalDelete(String path, Boolean checkHost)
   in System.IO.File.Delete(String path)
   in CUT.Program.DirSearch(String dir)
2025-12-09 17:55:35      Delete C:\Program Files (x86)\Trend Micro\Endpoint Basecamp\modules\vom\modules\UiBridgeModule\VOneAgentConsole\hostfxr.dll Met exception:System.UnauthorizedAccessException: Accesso al percorso 'C:\Program Files (x86)\Trend Micro\Endpoint Basecamp\modules\vom\modules\UiBridgeModule\VOneAgentConsole\hostfxr.dll' negato.
   in System.IO.__Error.WinIOError(Int32 errorCode, String maybeFullPath)
   in System.IO.File.InternalDelete(String path, Boolean checkHost)
   in System.IO.File.Delete(String path)
   in CUT.Program.DirSearch(String dir)
2025-12-09 17:55:35      Delete C:\Program Files (x86)\Trend Micro\Endpoint Basecamp\modules\vom\modules\UiBridgeModule\VOneAgentConsole\hostpolicy.dll Met exception:System.UnauthorizedAccessException: Accesso al percorso 'C:\Program Files (x86)\Trend Micro\Endpoint Basecamp\modules\vom\modules\UiBridgeModule\VOneAgentConsole\hostpolicy.dll' negato.
   in System.IO.__Error.WinIOError(Int32 errorCode, String maybeFullPath)
   in System.IO.File.InternalDelete(String path, Boolean checkHost)
   in System.IO.File.Delete(String path)
   in CUT.Program.DirSearch(String dir)
2025-12-09 17:55:35      Delete C:\Program Files (x86)\Trend Micro\Endpoint Basecamp\modules\vom\modules\UiBridgeModule\VOneAgentConsole\log4net.dll Met exception:System.UnauthorizedAccessException: Accesso al percorso 'C:\Program Files (x86)\Trend Micro\Endpoint Basecamp\modules\vom\modules\UiBridgeModule\VOneAgentConsole\log4net.dll' negato.
   in System.IO.__Error.WinIOError(Int32 errorCode, String maybeFullPath)
   in System.IO.File.InternalDelete(String path, Boolean checkHost)
   in System.IO.File.Delete(String path)
   in CUT.Program.DirSearch(String dir)
2025-12-09 17:55:35      Delete C:\Program Files (x86)\Trend Micro\Endpoint Basecamp\modules\vom\modules\UiBridgeModule\VOneAgentConsole\Microsoft.DiaSymReader.Native.x86.dll Met exception:System.UnauthorizedAccessException: Accesso al percorso 'C:\Program Files (x86)\Trend Micro\Endpoint Basecamp\modules\vom\modules\UiBridgeModule\VOneAgentConsole\Microsoft.DiaSymReader.Native.x86.dll' negato.
   in System.IO.__Error.WinIOError(Int32 errorCode, String maybeFullPath)
   in System.IO.File.InternalDelete(String path, Boolean checkHost)
   in System.IO.File.Delete(String path)
   in CUT.Program.DirSearch(String dir)
2025-12-09 17:55:35      Delete C:\Program Files (x86)\Trend Micro\Endpoint Basecamp\modules\vom\modules\UiBridgeModule\VOneAgentConsole\Microsoft.Extensions.Configuration.Abstractions.dll Met exception:System.UnauthorizedAccessException: Accesso al percorso 'C:\Program Files (x86)\Trend Micro\Endpoint Basecamp\modules\vom\modules\UiBridgeModule\VOneAgentConsole\Microsoft.Extensions.Configuration.Abstractions.dll' negato.
   in System.IO.__Error.WinIOError(Int32 errorCode, String maybeFullPath)
   in System.IO.File.InternalDelete(String path, Boolean checkHost)
   in System.IO.File.Delete(String path)
   in CUT.Program.DirSearch(String dir)
2025-12-09 17:55:35      Delete C:\Program Files (x86)\Trend Micro\Endpoint Basecamp\modules\vom\modules\UiBridgeModule\VOneAgentConsole\Microsoft.Extensions.Configuration.Binder.dll Met exception:System.UnauthorizedAccessException: Accesso al percorso 'C:\Program Files (x86)\Trend Micro\Endpoint Basecamp\modules\vom\modules\UiBridgeModule\VOneAgentConsole\Microsoft.Extensions.Configuration.Binder.dll' negato.
   in System.IO.__Error.WinIOError(Int32 errorCode, String maybeFullPath)
   in System.IO.File.InternalDelete(String path, Boolean checkHost)
   in System.IO.File.Delete(String path)
   in CUT.Program.DirSearch(String dir)
2025-12-09 17:55:35      Delete C:\Program Files (x86)\Trend Micro\Endpoint Basecamp\modules\vom\modules\UiBridgeModule\VOneAgentConsole\Microsoft.Extensions.Configuration.CommandLine.dll Met exception:System.UnauthorizedAccessException: Accesso al percorso 'C:\Program Files (x86)\Trend Micro\Endpoint Basecamp\modules\vom\modules\UiBridgeModule\VOneAgentConsole\Microsoft.Extensions.Configuration.CommandLine.dll' negato.
   in System.IO.__Error.WinIOError(Int32 errorCode, String maybeFullPath)
   in System.IO.File.InternalDelete(String path, Boolean checkHost)
   in System.IO.File.Delete(String path)
   in CUT.Program.DirSearch(String dir)
2025-12-09 17:55:35      Delete C:\Program Files (x86)\Trend Micro\Endpoint Basecamp\modules\vom\modules\UiBridgeModule\VOneAgentConsole\Microsoft.Extensions.Configuration.dll Met exception:System.UnauthorizedAccessException: Accesso al percorso 'C:\Program Files (x86)\Trend Micro\Endpoint Basecamp\modules\vom\modules\UiBridgeModule\VOneAgentConsole\Microsoft.Extensions.Configuration.dll' negato.
   in System.IO.__Error.WinIOError(Int32 errorCode, String maybeFullPath)
   in System.IO.File.InternalDelete(String path, Boolean checkHost)
   in System.IO.File.Delete(String path)
   in CUT.Program.DirSearch(String dir)
2025-12-09 17:55:35      Delete C:\Program Files (x86)\Trend Micro\Endpoint Basecamp\modules\vom\modules\UiBridgeModule\VOneAgentConsole\Microsoft.Extensions.Configuration.EnvironmentVariables.dll Met exception:System.UnauthorizedAccessException: Accesso al percorso 'C:\Program Files (x86)\Trend Micro\Endpoint Basecamp\modules\vom\modules\UiBridgeModule\VOneAgentConsole\Microsoft.Extensions.Configuration.EnvironmentVariables.dll' negato.
   in System.IO.__Error.WinIOError(Int32 errorCode, String maybeFullPath)
   in System.IO.File.InternalDelete(String path, Boolean checkHost)
   in System.IO.File.Delete(String path)
   in CUT.Program.DirSearch(String dir)
2025-12-09 17:55:35      Delete C:\Program Files (x86)\Trend Micro\Endpoint Basecamp\modules\vom\modules\UiBridgeModule\VOneAgentConsole\Microsoft.Extensions.Configuration.FileExtensions.dll Met exception:System.UnauthorizedAccessException: Accesso al percorso 'C:\Program Files (x86)\Trend Micro\Endpoint Basecamp\modules\vom\modules\UiBridgeModule\VOneAgentConsole\Microsoft.Extensions.Configuration.FileExtensions.dll' negato.
   in System.IO.__Error.WinIOError(Int32 errorCode, String maybeFullPath)
   in System.IO.File.InternalDelete(String path, Boolean checkHost)
   in System.IO.File.Delete(String path)
   in CUT.Program.DirSearch(String dir)
2025-12-09 17:55:35      Delete C:\Program Files (x86)\Trend Micro\Endpoint Basecamp\modules\vom\modules\UiBridgeModule\VOneAgentConsole\Microsoft.Extensions.Configuration.Json.dll Met exception:System.UnauthorizedAccessException: Accesso al percorso 'C:\Program Files (x86)\Trend Micro\Endpoint Basecamp\modules\vom\modules\UiBridgeModule\VOneAgentConsole\Microsoft.Extensions.Configuration.Json.dll' negato.
   in System.IO.__Error.WinIOError(Int32 errorCode, String maybeFullPath)
   in System.IO.File.InternalDelete(String path, Boolean checkHost)
   in System.IO.File.Delete(String path)
   in CUT.Program.DirSearch(String dir)
2025-12-09 17:55:35      Delete C:\Program Files (x86)\Trend Micro\Endpoint Basecamp\modules\vom\modules\UiBridgeModule\VOneAgentConsole\Microsoft.Extensions.Configuration.UserSecrets.dll Met exception:System.UnauthorizedAccessException: Accesso al percorso 'C:\Program Files (x86)\Trend Micro\Endpoint Basecamp\modules\vom\modules\UiBridgeModule\VOneAgentConsole\Microsoft.Extensions.Configuration.UserSecrets.dll' negato.
   in System.IO.__Error.WinIOError(Int32 errorCode, String maybeFullPath)
   in System.IO.File.InternalDelete(String path, Boolean checkHost)
   in System.IO.File.Delete(String path)
   in CUT.Program.DirSearch(String dir)
2025-12-09 17:55:35      Delete C:\Program Files (x86)\Trend Micro\Endpoint Basecamp\modules\vom\modules\UiBridgeModule\VOneAgentConsole\Microsoft.Extensions.DependencyInjection.Abstractions.dll Met exception:System.UnauthorizedAccessException: Accesso al percorso 'C:\Program Files (x86)\Trend Micro\Endpoint Basecamp\modules\vom\modules\UiBridgeModule\VOneAgentConsole\Microsoft.Extensions.DependencyInjection.Abstractions.dll' negato.
   in System.IO.__Error.WinIOError(Int32 errorCode, String maybeFullPath)
   in System.IO.File.InternalDelete(String path, Boolean checkHost)
   in System.IO.File.Delete(String path)
   in CUT.Program.DirSearch(String dir)
2025-12-09 17:55:35      Delete C:\Program Files (x86)\Trend Micro\Endpoint Basecamp\modules\vom\modules\UiBridgeModule\VOneAgentConsole\Microsoft.Extensions.DependencyInjection.dll Met exception:System.UnauthorizedAccessException: Accesso al percorso 'C:\Program Files (x86)\Trend Micro\Endpoint Basecamp\modules\vom\modules\UiBridgeModule\VOneAgentConsole\Microsoft.Extensions.DependencyInjection.dll' negato.
   in System.IO.__Error.WinIOError(Int32 errorCode, String maybeFullPath)
   in System.IO.File.InternalDelete(String path, Boolean checkHost)
   in System.IO.File.Delete(String path)
   in CUT.Program.DirSearch(String dir)
2025-12-09 17:55:35      Delete C:\Program Files (x86)\Trend Micro\Endpoint Basecamp\modules\vom\modules\UiBridgeModule\VOneAgentConsole\Microsoft.Extensions.Diagnostics.Abstractions.dll Met exception:System.UnauthorizedAccessException: Accesso al percorso 'C:\Program Files (x86)\Trend Micro\Endpoint Basecamp\modules\vom\modules\UiBridgeModule\VOneAgentConsole\Microsoft.Extensions.Diagnostics.Abstractions.dll' negato.
   in System.IO.__Error.WinIOError(Int32 errorCode, String maybeFullPath)
   in System.IO.File.InternalDelete(String path, Boolean checkHost)
   in System.IO.File.Delete(String path)
   in CUT.Program.DirSearch(String dir)
2025-12-09 17:55:35      Delete C:\Program Files (x86)\Trend Micro\Endpoint Basecamp\modules\vom\modules\UiBridgeModule\VOneAgentConsole\Microsoft.Extensions.Diagnostics.dll Met exception:System.UnauthorizedAccessException: Accesso al percorso 'C:\Program Files (x86)\Trend Micro\Endpoint Basecamp\modules\vom\modules\UiBridgeModule\VOneAgentConsole\Microsoft.Extensions.Diagnostics.dll' negato.
   in System.IO.__Error.WinIOError(Int32 errorCode, String maybeFullPath)
   in System.IO.File.InternalDelete(String path, Boolean checkHost)
   in System.IO.File.Delete(String path)
   in CUT.Program.DirSearch(String dir)
2025-12-09 17:55:35      Delete C:\Program Files (x86)\Trend Micro\Endpoint Basecamp\modules\vom\modules\UiBridgeModule\VOneAgentConsole\Microsoft.Extensions.FileProviders.Abstractions.dll Met exception:System.UnauthorizedAccessException: Accesso al percorso 'C:\Program Files (x86)\Trend Micro\Endpoint Basecamp\modules\vom\modules\UiBridgeModule\VOneAgentConsole\Microsoft.Extensions.FileProviders.Abstractions.dll' negato.
   in System.IO.__Error.WinIOError(Int32 errorCode, String maybeFullPath)
   in System.IO.File.InternalDelete(String path, Boolean checkHost)
   in System.IO.File.Delete(String path)
   in CUT.Program.DirSearch(String dir)
2025-12-09 17:55:35      Delete C:\Program Files (x86)\Trend Micro\Endpoint Basecamp\modules\vom\modules\UiBridgeModule\VOneAgentConsole\Microsoft.Extensions.FileProviders.Physical.dll Met exception:System.UnauthorizedAccessException: Accesso al percorso 'C:\Program Files (x86)\Trend Micro\Endpoint Basecamp\modules\vom\modules\UiBridgeModule\VOneAgentConsole\Microsoft.Extensions.FileProviders.Physical.dll' negato.
   in System.IO.__Error.WinIOError(Int32 errorCode, String maybeFullPath)
   in System.IO.File.InternalDelete(String path, Boolean checkHost)
   in System.IO.File.Delete(String path)
   in CUT.Program.DirSearch(String dir)
2025-12-09 17:55:35      Delete C:\Program Files (x86)\Trend Micro\Endpoint Basecamp\modules\vom\modules\UiBridgeModule\VOneAgentConsole\Microsoft.Extensions.FileSystemGlobbing.dll Met exception:System.UnauthorizedAccessException: Accesso al percorso 'C:\Program Files (x86)\Trend Micro\Endpoint Basecamp\modules\vom\modules\UiBridgeModule\VOneAgentConsole\Microsoft.Extensions.FileSystemGlobbing.dll' negato.
   in System.IO.__Error.WinIOError(Int32 errorCode, String maybeFullPath)
   in System.IO.File.InternalDelete(String path, Boolean checkHost)
   in System.IO.File.Delete(String path)
   in CUT.Program.DirSearch(String dir)
2025-12-09 17:55:35      Delete C:\Program Files (x86)\Trend Micro\Endpoint Basecamp\modules\vom\modules\UiBridgeModule\VOneAgentConsole\Microsoft.Extensions.Hosting.Abstractions.dll Met exception:System.UnauthorizedAccessException: Accesso al percorso 'C:\Program Files (x86)\Trend Micro\Endpoint Basecamp\modules\vom\modules\UiBridgeModule\VOneAgentConsole\Microsoft.Extensions.Hosting.Abstractions.dll' negato.
   in System.IO.__Error.WinIOError(Int32 errorCode, String maybeFullPath)
   in System.IO.File.InternalDelete(String path, Boolean checkHost)
   in System.IO.File.Delete(String path)
   in CUT.Program.DirSearch(String dir)
2025-12-09 17:55:35      Delete C:\Program Files (x86)\Trend Micro\Endpoint Basecamp\modules\vom\modules\UiBridgeModule\VOneAgentConsole\Microsoft.Extensions.Hosting.dll Met exception:System.UnauthorizedAccessException: Accesso al percorso 'C:\Program Files (x86)\Trend Micro\Endpoint Basecamp\modules\vom\modules\UiBridgeModule\VOneAgentConsole\Microsoft.Extensions.Hosting.dll' negato.
   in System.IO.__Error.WinIOError(Int32 errorCode, String maybeFullPath)
   in System.IO.File.InternalDelete(String path, Boolean checkHost)
   in System.IO.File.Delete(String path)
   in CUT.Program.DirSearch(String dir)
2025-12-09 17:55:35      Delete C:\Program Files (x86)\Trend Micro\Endpoint Basecamp\modules\vom\modules\UiBridgeModule\VOneAgentConsole\Microsoft.Extensions.Logging.Abstractions.dll Met exception:System.UnauthorizedAccessException: Accesso al percorso 'C:\Program Files (x86)\Trend Micro\Endpoint Basecamp\modules\vom\modules\UiBridgeModule\VOneAgentConsole\Microsoft.Extensions.Logging.Abstractions.dll' negato.
   in System.IO.__Error.WinIOError(Int32 errorCode, String maybeFullPath)
   in System.IO.File.InternalDelete(String path, Boolean checkHost)
   in System.IO.File.Delete(String path)
   in CUT.Program.DirSearch(String dir)
2025-12-09 17:55:35      Delete C:\Program Files (x86)\Trend Micro\Endpoint Basecamp\modules\vom\modules\UiBridgeModule\VOneAgentConsole\Microsoft.Extensions.Logging.Configuration.dll Met exception:System.UnauthorizedAccessException: Accesso al percorso 'C:\Program Files (x86)\Trend Micro\Endpoint Basecamp\modules\vom\modules\UiBridgeModule\VOneAgentConsole\Microsoft.Extensions.Logging.Configuration.dll' negato.
   in System.IO.__Error.WinIOError(Int32 errorCode, String maybeFullPath)
   in System.IO.File.InternalDelete(String path, Boolean checkHost)
   in System.IO.File.Delete(String path)
   in CUT.Program.DirSearch(String dir)
2025-12-09 17:55:35      Delete C:\Program Files (x86)\Trend Micro\Endpoint Basecamp\modules\vom\modules\UiBridgeModule\VOneAgentConsole\Microsoft.Extensions.Logging.Console.dll Met exception:System.UnauthorizedAccessException: Accesso al percorso 'C:\Program Files (x86)\Trend Micro\Endpoint Basecamp\modules\vom\modules\UiBridgeModule\VOneAgentConsole\Microsoft.Extensions.Logging.Console.dll' negato.
   in System.IO.__Error.WinIOError(Int32 errorCode, String maybeFullPath)
   in System.IO.File.InternalDelete(String path, Boolean checkHost)
   in System.IO.File.Delete(String path)
   in CUT.Program.DirSearch(String dir)
2025-12-09 17:55:35      Delete C:\Program Files (x86)\Trend Micro\Endpoint Basecamp\modules\vom\modules\UiBridgeModule\VOneAgentConsole\Microsoft.Extensions.Logging.Debug.dll Met exception:System.UnauthorizedAccessException: Accesso al percorso 'C:\Program Files (x86)\Trend Micro\Endpoint Basecamp\modules\vom\modules\UiBridgeModule\VOneAgentConsole\Microsoft.Extensions.Logging.Debug.dll' negato.
   in System.IO.__Error.WinIOError(Int32 errorCode, String maybeFullPath)
   in System.IO.File.InternalDelete(String path, Boolean checkHost)
   in System.IO.File.Delete(String path)
   in CUT.Program.DirSearch(String dir)
2025-12-09 17:55:35      Delete C:\Program Files (x86)\Trend Micro\Endpoint Basecamp\modules\vom\modules\UiBridgeModule\VOneAgentConsole\Microsoft.Extensions.Logging.dll Met exception:System.UnauthorizedAccessException: Accesso al percorso 'C:\Program Files (x86)\Trend Micro\Endpoint Basecamp\modules\vom\modules\UiBridgeModule\VOneAgentConsole\Microsoft.Extensions.Logging.dll' negato.
   in System.IO.__Error.WinIOError(Int32 errorCode, String maybeFullPath)
   in System.IO.File.InternalDelete(String path, Boolean checkHost)
   in System.IO.File.Delete(String path)
   in CUT.Program.DirSearch(String dir)
2025-12-09 17:55:35      Delete C:\Program Files (x86)\Trend Micro\Endpoint Basecamp\modules\vom\modules\UiBridgeModule\VOneAgentConsole\Microsoft.Extensions.Logging.EventLog.dll Met exception:System.UnauthorizedAccessException: Accesso al percorso 'C:\Program Files (x86)\Trend Micro\Endpoint Basecamp\modules\vom\modules\UiBridgeModule\VOneAgentConsole\Microsoft.Extensions.Logging.EventLog.dll' negato.
   in System.IO.__Error.WinIOError(Int32 errorCode, String maybeFullPath)
   in System.IO.File.InternalDelete(String path, Boolean checkHost)
   in System.IO.File.Delete(String path)
   in CUT.Program.DirSearch(String dir)
2025-12-09 17:55:35      Delete C:\Program Files (x86)\Trend Micro\Endpoint Basecamp\modules\vom\modules\UiBridgeModule\VOneAgentConsole\Microsoft.Extensions.Logging.EventSource.dll Met exception:System.UnauthorizedAccessException: Accesso al percorso 'C:\Program Files (x86)\Trend Micro\Endpoint Basecamp\modules\vom\modules\UiBridgeModule\VOneAgentConsole\Microsoft.Extensions.Logging.EventSource.dll' negato.
   in System.IO.__Error.WinIOError(Int32 errorCode, String maybeFullPath)
   in System.IO.File.InternalDelete(String path, Boolean checkHost)
   in System.IO.File.Delete(String path)
   in CUT.Program.DirSearch(String dir)
2025-12-09 17:55:35      Delete C:\Program Files (x86)\Trend Micro\Endpoint Basecamp\modules\vom\modules\UiBridgeModule\VOneAgentConsole\Microsoft.Extensions.Options.ConfigurationExtensions.dll Met exception:System.UnauthorizedAccessException: Accesso al percorso 'C:\Program Files (x86)\Trend Micro\Endpoint Basecamp\modules\vom\modules\UiBridgeModule\VOneAgentConsole\Microsoft.Extensions.Options.ConfigurationExtensions.dll' negato.
   in System.IO.__Error.WinIOError(Int32 errorCode, String maybeFullPath)
   in System.IO.File.InternalDelete(String path, Boolean checkHost)
   in System.IO.File.Delete(String path)
   in CUT.Program.DirSearch(String dir)
2025-12-09 17:55:35      Delete C:\Program Files (x86)\Trend Micro\Endpoint Basecamp\modules\vom\modules\UiBridgeModule\VOneAgentConsole\Microsoft.Extensions.Options.dll Met exception:System.UnauthorizedAccessException: Accesso al percorso 'C:\Program Files (x86)\Trend Micro\Endpoint Basecamp\modules\vom\modules\UiBridgeModule\VOneAgentConsole\Microsoft.Extensions.Options.dll' negato.
   in System.IO.__Error.WinIOError(Int32 errorCode, String maybeFullPath)
   in System.IO.File.InternalDelete(String path, Boolean checkHost)
   in System.IO.File.Delete(String path)
   in CUT.Program.DirSearch(String dir)
2025-12-09 17:55:35      Delete C:\Program Files (x86)\Trend Micro\Endpoint Basecamp\modules\vom\modules\UiBridgeModule\VOneAgentConsole\Microsoft.Extensions.Primitives.dll Met exception:System.UnauthorizedAccessException: Accesso al percorso 'C:\Program Files (x86)\Trend Micro\Endpoint Basecamp\modules\vom\modules\UiBridgeModule\VOneAgentConsole\Microsoft.Extensions.Primitives.dll' negato.
   in System.IO.__Error.WinIOError(Int32 errorCode, String maybeFullPath)
   in System.IO.File.InternalDelete(String path, Boolean checkHost)
   in System.IO.File.Delete(String path)
   in CUT.Program.DirSearch(String dir)
2025-12-09 17:55:35      Delete C:\Program Files (x86)\Trend Micro\Endpoint Basecamp\modules\vom\modules\UiBridgeModule\VOneAgentConsole\Microsoft.Win32.Primitives.dll Met exception:System.UnauthorizedAccessException: Accesso al percorso 'C:\Program Files (x86)\Trend Micro\Endpoint Basecamp\modules\vom\modules\UiBridgeModule\VOneAgentConsole\Microsoft.Win32.Primitives.dll' negato.
   in System.IO.__Error.WinIOError(Int32 errorCode, String maybeFullPath)
   in System.IO.File.InternalDelete(String path, Boolean checkHost)
   in System.IO.File.Delete(String path)
   in CUT.Program.DirSearch(String dir)
2025-12-09 17:55:35      Delete C:\Program Files (x86)\Trend Micro\Endpoint Basecamp\modules\vom\modules\UiBridgeModule\VOneAgentConsole\Microsoft.Win32.Registry.dll Met exception:System.UnauthorizedAccessException: Accesso al percorso 'C:\Program Files (x86)\Trend Micro\Endpoint Basecamp\modules\vom\modules\UiBridgeModule\VOneAgentConsole\Microsoft.Win32.Registry.dll' negato.
   in System.IO.__Error.WinIOError(Int32 errorCode, String maybeFullPath)
   in System.IO.File.InternalDelete(String path, Boolean checkHost)
   in System.IO.File.Delete(String path)
   in CUT.Program.DirSearch(String dir)
2025-12-09 17:55:35      Delete C:\Program Files (x86)\Trend Micro\Endpoint Basecamp\modules\vom\modules\UiBridgeModule\VOneAgentConsole\netstandard.dll Met exception:System.UnauthorizedAccessException: Accesso al percorso 'C:\Program Files (x86)\Trend Micro\Endpoint Basecamp\modules\vom\modules\UiBridgeModule\VOneAgentConsole\netstandard.dll' negato.
   in System.IO.__Error.WinIOError(Int32 errorCode, String maybeFullPath)
   in System.IO.File.InternalDelete(String path, Boolean checkHost)
   in System.IO.File.Delete(String path)
   in CUT.Program.DirSearch(String dir)
2025-12-09 17:55:35      Delete C:\Program Files (x86)\Trend Micro\Endpoint Basecamp\modules\vom\modules\UiBridgeModule\VOneAgentConsole\PresentationCore.dll Met exception:System.UnauthorizedAccessException: Accesso al percorso 'C:\Program Files (x86)\Trend Micro\Endpoint Basecamp\modules\vom\modules\UiBridgeModule\VOneAgentConsole\PresentationCore.dll' negato.
   in System.IO.__Error.WinIOError(Int32 errorCode, String maybeFullPath)
   in System.IO.File.InternalDelete(String path, Boolean checkHost)
   in System.IO.File.Delete(String path)
   in CUT.Program.DirSearch(String dir)
2025-12-09 17:55:35      Delete C:\Program Files (x86)\Trend Micro\Endpoint Basecamp\modules\vom\modules\UiBridgeModule\VOneAgentConsole\PresentationFramework.Aero2.dll Met exception:System.UnauthorizedAccessException: Accesso al percorso 'C:\Program Files (x86)\Trend Micro\Endpoint Basecamp\modules\vom\modules\UiBridgeModule\VOneAgentConsole\PresentationFramework.Aero2.dll' negato.
   in System.IO.__Error.WinIOError(Int32 errorCode, String maybeFullPath)
   in System.IO.File.InternalDelete(String path, Boolean checkHost)
   in System.IO.File.Delete(String path)
   in CUT.Program.DirSearch(String dir)
2025-12-09 17:55:35      Delete C:\Program Files (x86)\Trend Micro\Endpoint Basecamp\modules\vom\modules\UiBridgeModule\VOneAgentConsole\PresentationFramework.dll Met exception:System.UnauthorizedAccessException: Accesso al percorso 'C:\Program Files (x86)\Trend Micro\Endpoint Basecamp\modules\vom\modules\UiBridgeModule\VOneAgentConsole\PresentationFramework.dll' negato.
   in System.IO.__Error.WinIOError(Int32 errorCode, String maybeFullPath)
   in System.IO.File.InternalDelete(String path, Boolean checkHost)
   in System.IO.File.Delete(String path)
   in CUT.Program.DirSearch(String dir)
2025-12-09 17:55:35      Delete C:\Program Files (x86)\Trend Micro\Endpoint Basecamp\modules\vom\modules\UiBridgeModule\VOneAgentConsole\PresentationNative_cor3.dll Met exception:System.UnauthorizedAccessException: Accesso al percorso 'C:\Program Files (x86)\Trend Micro\Endpoint Basecamp\modules\vom\modules\UiBridgeModule\VOneAgentConsole\PresentationNative_cor3.dll' negato.
   in System.IO.__Error.WinIOError(Int32 errorCode, String maybeFullPath)
   in System.IO.File.InternalDelete(String path, Boolean checkHost)
   in System.IO.File.Delete(String path)
   in CUT.Program.DirSearch(String dir)
2025-12-09 17:55:35      Delete C:\Program Files (x86)\Trend Micro\Endpoint Basecamp\modules\vom\modules\UiBridgeModule\VOneAgentConsole\System.Collections.Concurrent.dll Met exception:System.UnauthorizedAccessException: Accesso al percorso 'C:\Program Files (x86)\Trend Micro\Endpoint Basecamp\modules\vom\modules\UiBridgeModule\VOneAgentConsole\System.Collections.Concurrent.dll' negato.
   in System.IO.__Error.WinIOError(Int32 errorCode, String maybeFullPath)
   in System.IO.File.InternalDelete(String path, Boolean checkHost)
   in System.IO.File.Delete(String path)
   in CUT.Program.DirSearch(String dir)
2025-12-09 17:55:35      Delete C:\Program Files (x86)\Trend Micro\Endpoint Basecamp\modules\vom\modules\UiBridgeModule\VOneAgentConsole\System.Collections.dll Met exception:System.UnauthorizedAccessException: Accesso al percorso 'C:\Program Files (x86)\Trend Micro\Endpoint Basecamp\modules\vom\modules\UiBridgeModule\VOneAgentConsole\System.Collections.dll' negato.
   in System.IO.__Error.WinIOError(Int32 errorCode, String maybeFullPath)
   in System.IO.File.InternalDelete(String path, Boolean checkHost)
   in System.IO.File.Delete(String path)
   in CUT.Program.DirSearch(String dir)
2025-12-09 17:55:35      Delete C:\Program Files (x86)\Trend Micro\Endpoint Basecamp\modules\vom\modules\UiBridgeModule\VOneAgentConsole\System.Collections.Immutable.dll Met exception:System.UnauthorizedAccessException: Accesso al percorso 'C:\Program Files (x86)\Trend Micro\Endpoint Basecamp\modules\vom\modules\UiBridgeModule\VOneAgentConsole\System.Collections.Immutable.dll' negato.
   in System.IO.__Error.WinIOError(Int32 errorCode, String maybeFullPath)
   in System.IO.File.InternalDelete(String path, Boolean checkHost)
   in System.IO.File.Delete(String path)
   in CUT.Program.DirSearch(String dir)
2025-12-09 17:55:35      Delete C:\Program Files (x86)\Trend Micro\Endpoint Basecamp\modules\vom\modules\UiBridgeModule\VOneAgentConsole\System.Collections.NonGeneric.dll Met exception:System.UnauthorizedAccessException: Accesso al percorso 'C:\Program Files (x86)\Trend Micro\Endpoint Basecamp\modules\vom\modules\UiBridgeModule\VOneAgentConsole\System.Collections.NonGeneric.dll' negato.
   in System.IO.__Error.WinIOError(Int32 errorCode, String maybeFullPath)
   in System.IO.File.InternalDelete(String path, Boolean checkHost)
   in System.IO.File.Delete(String path)
   in CUT.Program.DirSearch(String dir)
2025-12-09 17:55:35      Delete C:\Program Files (x86)\Trend Micro\Endpoint Basecamp\modules\vom\modules\UiBridgeModule\VOneAgentConsole\System.Collections.Specialized.dll Met exception:System.UnauthorizedAccessException: Accesso al percorso 'C:\Program Files (x86)\Trend Micro\Endpoint Basecamp\modules\vom\modules\UiBridgeModule\VOneAgentConsole\System.Collections.Specialized.dll' negato.
   in System.IO.__Error.WinIOError(Int32 errorCode, String maybeFullPath)
   in System.IO.File.InternalDelete(String path, Boolean checkHost)
   in System.IO.File.Delete(String path)
   in CUT.Program.DirSearch(String dir)
2025-12-09 17:55:35      Delete C:\Program Files (x86)\Trend Micro\Endpoint Basecamp\modules\vom\modules\UiBridgeModule\VOneAgentConsole\System.ComponentModel.dll Met exception:System.UnauthorizedAccessException: Accesso al percorso 'C:\Program Files (x86)\Trend Micro\Endpoint Basecamp\modules\vom\modules\UiBridgeModule\VOneAgentConsole\System.ComponentModel.dll' negato.
   in System.IO.__Error.WinIOError(Int32 errorCode, String maybeFullPath)
   in System.IO.File.InternalDelete(String path, Boolean checkHost)
   in System.IO.File.Delete(String path)
   in CUT.Program.DirSearch(String dir)
2025-12-09 17:55:35      Delete C:\Program Files (x86)\Trend Micro\Endpoint Basecamp\modules\vom\modules\UiBridgeModule\VOneAgentConsole\System.ComponentModel.Primitives.dll Met exception:System.UnauthorizedAccessException: Accesso al percorso 'C:\Program Files (x86)\Trend Micro\Endpoint Basecamp\modules\vom\modules\UiBridgeModule\VOneAgentConsole\System.ComponentModel.Primitives.dll' negato.
   in System.IO.__Error.WinIOError(Int32 errorCode, String maybeFullPath)
   in System.IO.File.InternalDelete(String path, Boolean checkHost)
   in System.IO.File.Delete(String path)
   in CUT.Program.DirSearch(String dir)
2025-12-09 17:55:35      Delete C:\Program Files (x86)\Trend Micro\Endpoint Basecamp\modules\vom\modules\UiBridgeModule\VOneAgentConsole\System.ComponentModel.TypeConverter.dll Met exception:System.UnauthorizedAccessException: Accesso al percorso 'C:\Program Files (x86)\Trend Micro\Endpoint Basecamp\modules\vom\modules\UiBridgeModule\VOneAgentConsole\System.ComponentModel.TypeConverter.dll' negato.
   in System.IO.__Error.WinIOError(Int32 errorCode, String maybeFullPath)
   in System.IO.File.InternalDelete(String path, Boolean checkHost)
   in System.IO.File.Delete(String path)
   in CUT.Program.DirSearch(String dir)
2025-12-09 17:55:35      Delete C:\Program Files (x86)\Trend Micro\Endpoint Basecamp\modules\vom\modules\UiBridgeModule\VOneAgentConsole\System.Configuration.ConfigurationManager.dll Met exception:System.UnauthorizedAccessException: Accesso al percorso 'C:\Program Files (x86)\Trend Micro\Endpoint Basecamp\modules\vom\modules\UiBridgeModule\VOneAgentConsole\System.Configuration.ConfigurationManager.dll' negato.
   in System.IO.__Error.WinIOError(Int32 errorCode, String maybeFullPath)
   in System.IO.File.InternalDelete(String path, Boolean checkHost)
   in System.IO.File.Delete(String path)
   in CUT.Program.DirSearch(String dir)
2025-12-09 17:55:35      Delete C:\Program Files (x86)\Trend Micro\Endpoint Basecamp\modules\vom\modules\UiBridgeModule\VOneAgentConsole\System.Console.dll Met exception:System.UnauthorizedAccessException: Accesso al percorso 'C:\Program Files (x86)\Trend Micro\Endpoint Basecamp\modules\vom\modules\UiBridgeModule\VOneAgentConsole\System.Console.dll' negato.
   in System.IO.__Error.WinIOError(Int32 errorCode, String maybeFullPath)
   in System.IO.File.InternalDelete(String path, Boolean checkHost)
   in System.IO.File.Delete(String path)
   in CUT.Program.DirSearch(String dir)
2025-12-09 17:55:35      Delete C:\Program Files (x86)\Trend Micro\Endpoint Basecamp\modules\vom\modules\UiBridgeModule\VOneAgentConsole\System.Diagnostics.Debug.dll Met exception:System.UnauthorizedAccessException: Accesso al percorso 'C:\Program Files (x86)\Trend Micro\Endpoint Basecamp\modules\vom\modules\UiBridgeModule\VOneAgentConsole\System.Diagnostics.Debug.dll' negato.
   in System.IO.__Error.WinIOError(Int32 errorCode, String maybeFullPath)
   in System.IO.File.InternalDelete(String path, Boolean checkHost)
   in System.IO.File.Delete(String path)
   in CUT.Program.DirSearch(String dir)
2025-12-09 17:55:35      Delete C:\Program Files (x86)\Trend Micro\Endpoint Basecamp\modules\vom\modules\UiBridgeModule\VOneAgentConsole\System.Diagnostics.DiagnosticSource.dll Met exception:System.UnauthorizedAccessException: Accesso al percorso 'C:\Program Files (x86)\Trend Micro\Endpoint Basecamp\modules\vom\modules\UiBridgeModule\VOneAgentConsole\System.Diagnostics.DiagnosticSource.dll' negato.
   in System.IO.__Error.WinIOError(Int32 errorCode, String maybeFullPath)
   in System.IO.File.InternalDelete(String path, Boolean checkHost)
   in System.IO.File.Delete(String path)
   in CUT.Program.DirSearch(String dir)
2025-12-09 17:55:35      Delete C:\Program Files (x86)\Trend Micro\Endpoint Basecamp\modules\vom\modules\UiBridgeModule\VOneAgentConsole\System.Diagnostics.EventLog.dll Met exception:System.UnauthorizedAccessException: Accesso al percorso 'C:\Program Files (x86)\Trend Micro\Endpoint Basecamp\modules\vom\modules\UiBridgeModule\VOneAgentConsole\System.Diagnostics.EventLog.dll' negato.
   in System.IO.__Error.WinIOError(Int32 errorCode, String maybeFullPath)
   in System.IO.File.InternalDelete(String path, Boolean checkHost)
   in System.IO.File.Delete(String path)
   in CUT.Program.DirSearch(String dir)
2025-12-09 17:55:35      Delete C:\Program Files (x86)\Trend Micro\Endpoint Basecamp\modules\vom\modules\UiBridgeModule\VOneAgentConsole\System.Diagnostics.Process.dll Met exception:System.UnauthorizedAccessException: Accesso al percorso 'C:\Program Files (x86)\Trend Micro\Endpoint Basecamp\modules\vom\modules\UiBridgeModule\VOneAgentConsole\System.Diagnostics.Process.dll' negato.
   in System.IO.__Error.WinIOError(Int32 errorCode, String maybeFullPath)
   in System.IO.File.InternalDelete(String path, Boolean checkHost)
   in System.IO.File.Delete(String path)
   in CUT.Program.DirSearch(String dir)
2025-12-09 17:55:35      Delete C:\Program Files (x86)\Trend Micro\Endpoint Basecamp\modules\vom\modules\UiBridgeModule\VOneAgentConsole\System.Diagnostics.StackTrace.dll Met exception:System.UnauthorizedAccessException: Accesso al percorso 'C:\Program Files (x86)\Trend Micro\Endpoint Basecamp\modules\vom\modules\UiBridgeModule\VOneAgentConsole\System.Diagnostics.StackTrace.dll' negato.
   in System.IO.__Error.WinIOError(Int32 errorCode, String maybeFullPath)
   in System.IO.File.InternalDelete(String path, Boolean checkHost)
   in System.IO.File.Delete(String path)
   in CUT.Program.DirSearch(String dir)
2025-12-09 17:55:35      Delete C:\Program Files (x86)\Trend Micro\Endpoint Basecamp\modules\vom\modules\UiBridgeModule\VOneAgentConsole\System.Diagnostics.TraceSource.dll Met exception:System.UnauthorizedAccessException: Accesso al percorso 'C:\Program Files (x86)\Trend Micro\Endpoint Basecamp\modules\vom\modules\UiBridgeModule\VOneAgentConsole\System.Diagnostics.TraceSource.dll' negato.
   in System.IO.__Error.WinIOError(Int32 errorCode, String maybeFullPath)
   in System.IO.File.InternalDelete(String path, Boolean checkHost)
   in System.IO.File.Delete(String path)
   in CUT.Program.DirSearch(String dir)
2025-12-09 17:55:35      Delete C:\Program Files (x86)\Trend Micro\Endpoint Basecamp\modules\vom\modules\UiBridgeModule\VOneAgentConsole\System.Diagnostics.Tracing.dll Met exception:System.UnauthorizedAccessException: Accesso al percorso 'C:\Program Files (x86)\Trend Micro\Endpoint Basecamp\modules\vom\modules\UiBridgeModule\VOneAgentConsole\System.Diagnostics.Tracing.dll' negato.
   in System.IO.__Error.WinIOError(Int32 errorCode, String maybeFullPath)
   in System.IO.File.InternalDelete(String path, Boolean checkHost)
   in System.IO.File.Delete(String path)
   in CUT.Program.DirSearch(String dir)
2025-12-09 17:55:35      Delete C:\Program Files (x86)\Trend Micro\Endpoint Basecamp\modules\vom\modules\UiBridgeModule\VOneAgentConsole\System.Drawing.Common.dll Met exception:System.UnauthorizedAccessException: Accesso al percorso 'C:\Program Files (x86)\Trend Micro\Endpoint Basecamp\modules\vom\modules\UiBridgeModule\VOneAgentConsole\System.Drawing.Common.dll' negato.
   in System.IO.__Error.WinIOError(Int32 errorCode, String maybeFullPath)
   in System.IO.File.InternalDelete(String path, Boolean checkHost)
   in System.IO.File.Delete(String path)
   in CUT.Program.DirSearch(String dir)
2025-12-09 17:55:35      Delete C:\Program Files (x86)\Trend Micro\Endpoint Basecamp\modules\vom\modules\UiBridgeModule\VOneAgentConsole\System.Drawing.Primitives.dll Met exception:System.UnauthorizedAccessException: Accesso al percorso 'C:\Program Files (x86)\Trend Micro\Endpoint Basecamp\modules\vom\modules\UiBridgeModule\VOneAgentConsole\System.Drawing.Primitives.dll' negato.
   in System.IO.__Error.WinIOError(Int32 errorCode, String maybeFullPath)
   in System.IO.File.InternalDelete(String path, Boolean checkHost)
   in System.IO.File.Delete(String path)
   in CUT.Program.DirSearch(String dir)
2025-12-09 17:55:35      Delete C:\Program Files (x86)\Trend Micro\Endpoint Basecamp\modules\vom\modules\UiBridgeModule\VOneAgentConsole\System.IO.FileSystem.Watcher.dll Met exception:System.UnauthorizedAccessException: Accesso al percorso 'C:\Program Files (x86)\Trend Micro\Endpoint Basecamp\modules\vom\modules\UiBridgeModule\VOneAgentConsole\System.IO.FileSystem.Watcher.dll' negato.
   in System.IO.__Error.WinIOError(Int32 errorCode, String maybeFullPath)
   in System.IO.File.InternalDelete(String path, Boolean checkHost)
   in System.IO.File.Delete(String path)
   in CUT.Program.DirSearch(String dir)
2025-12-09 17:55:35      Delete C:\Program Files (x86)\Trend Micro\Endpoint Basecamp\modules\vom\modules\UiBridgeModule\VOneAgentConsole\System.IO.MemoryMappedFiles.dll Met exception:System.UnauthorizedAccessException: Accesso al percorso 'C:\Program Files (x86)\Trend Micro\Endpoint Basecamp\modules\vom\modules\UiBridgeModule\VOneAgentConsole\System.IO.MemoryMappedFiles.dll' negato.
   in System.IO.__Error.WinIOError(Int32 errorCode, String maybeFullPath)
   in System.IO.File.InternalDelete(String path, Boolean checkHost)
   in System.IO.File.Delete(String path)
   in CUT.Program.DirSearch(String dir)
2025-12-09 17:55:35      Delete C:\Program Files (x86)\Trend Micro\Endpoint Basecamp\modules\vom\modules\UiBridgeModule\VOneAgentConsole\System.IO.Packaging.dll Met exception:System.UnauthorizedAccessException: Accesso al percorso 'C:\Program Files (x86)\Trend Micro\Endpoint Basecamp\modules\vom\modules\UiBridgeModule\VOneAgentConsole\System.IO.Packaging.dll' negato.
   in System.IO.__Error.WinIOError(Int32 errorCode, String maybeFullPath)
   in System.IO.File.InternalDelete(String path, Boolean checkHost)
   in System.IO.File.Delete(String path)
   in CUT.Program.DirSearch(String dir)
2025-12-09 17:55:35      Delete C:\Program Files (x86)\Trend Micro\Endpoint Basecamp\modules\vom\modules\UiBridgeModule\VOneAgentConsole\System.IO.Pipes.dll Met exception:System.UnauthorizedAccessException: Accesso al percorso 'C:\Program Files (x86)\Trend Micro\Endpoint Basecamp\modules\vom\modules\UiBridgeModule\VOneAgentConsole\System.IO.Pipes.dll' negato.
   in System.IO.__Error.WinIOError(Int32 errorCode, String maybeFullPath)
   in System.IO.File.InternalDelete(String path, Boolean checkHost)
   in System.IO.File.Delete(String path)
   in CUT.Program.DirSearch(String dir)
2025-12-09 17:55:35      Delete C:\Program Files (x86)\Trend Micro\Endpoint Basecamp\modules\vom\modules\UiBridgeModule\VOneAgentConsole\System.Linq.dll Met exception:System.UnauthorizedAccessException: Accesso al percorso 'C:\Program Files (x86)\Trend Micro\Endpoint Basecamp\modules\vom\modules\UiBridgeModule\VOneAgentConsole\System.Linq.dll' negato.
   in System.IO.__Error.WinIOError(Int32 errorCode, String maybeFullPath)
   in System.IO.File.InternalDelete(String path, Boolean checkHost)
   in System.IO.File.Delete(String path)
   in CUT.Program.DirSearch(String dir)
2025-12-09 17:55:35      Delete C:\Program Files (x86)\Trend Micro\Endpoint Basecamp\modules\vom\modules\UiBridgeModule\VOneAgentConsole\System.Memory.dll Met exception:System.UnauthorizedAccessException: Accesso al percorso 'C:\Program Files (x86)\Trend Micro\Endpoint Basecamp\modules\vom\modules\UiBridgeModule\VOneAgentConsole\System.Memory.dll' negato.
   in System.IO.__Error.WinIOError(Int32 errorCode, String maybeFullPath)
   in System.IO.File.InternalDelete(String path, Boolean checkHost)
   in System.IO.File.Delete(String path)
   in CUT.Program.DirSearch(String dir)
2025-12-09 17:55:35      Delete C:\Program Files (x86)\Trend Micro\Endpoint Basecamp\modules\vom\modules\UiBridgeModule\VOneAgentConsole\System.Net.NameResolution.dll Met exception:System.UnauthorizedAccessException: Accesso al percorso 'C:\Program Files (x86)\Trend Micro\Endpoint Basecamp\modules\vom\modules\UiBridgeModule\VOneAgentConsole\System.Net.NameResolution.dll' negato.
   in System.IO.__Error.WinIOError(Int32 errorCode, String maybeFullPath)
   in System.IO.File.InternalDelete(String path, Boolean checkHost)
   in System.IO.File.Delete(String path)
   in CUT.Program.DirSearch(String dir)
2025-12-09 17:55:35      Delete C:\Program Files (x86)\Trend Micro\Endpoint Basecamp\modules\vom\modules\UiBridgeModule\VOneAgentConsole\System.Net.Primitives.dll Met exception:System.UnauthorizedAccessException: Accesso al percorso 'C:\Program Files (x86)\Trend Micro\Endpoint Basecamp\modules\vom\modules\UiBridgeModule\VOneAgentConsole\System.Net.Primitives.dll' negato.
   in System.IO.__Error.WinIOError(Int32 errorCode, String maybeFullPath)
   in System.IO.File.InternalDelete(String path, Boolean checkHost)
   in System.IO.File.Delete(String path)
   in CUT.Program.DirSearch(String dir)
2025-12-09 17:55:35      Delete C:\Program Files (x86)\Trend Micro\Endpoint Basecamp\modules\vom\modules\UiBridgeModule\VOneAgentConsole\System.Net.Requests.dll Met exception:System.UnauthorizedAccessException: Accesso al percorso 'C:\Program Files (x86)\Trend Micro\Endpoint Basecamp\modules\vom\modules\UiBridgeModule\VOneAgentConsole\System.Net.Requests.dll' negato.
   in System.IO.__Error.WinIOError(Int32 errorCode, String maybeFullPath)
   in System.IO.File.InternalDelete(String path, Boolean checkHost)
   in System.IO.File.Delete(String path)
   in CUT.Program.DirSearch(String dir)
2025-12-09 17:55:35      Delete C:\Program Files (x86)\Trend Micro\Endpoint Basecamp\modules\vom\modules\UiBridgeModule\VOneAgentConsole\System.Net.WebClient.dll Met exception:System.UnauthorizedAccessException: Accesso al percorso 'C:\Program Files (x86)\Trend Micro\Endpoint Basecamp\modules\vom\modules\UiBridgeModule\VOneAgentConsole\System.Net.WebClient.dll' negato.
   in System.IO.__Error.WinIOError(Int32 errorCode, String maybeFullPath)
   in System.IO.File.InternalDelete(String path, Boolean checkHost)
   in System.IO.File.Delete(String path)
   in CUT.Program.DirSearch(String dir)
2025-12-09 17:55:35      Delete C:\Program Files (x86)\Trend Micro\Endpoint Basecamp\modules\vom\modules\UiBridgeModule\VOneAgentConsole\System.Net.WebHeaderCollection.dll Met exception:System.UnauthorizedAccessException: Accesso al percorso 'C:\Program Files (x86)\Trend Micro\Endpoint Basecamp\modules\vom\modules\UiBridgeModule\VOneAgentConsole\System.Net.WebHeaderCollection.dll' negato.
   in System.IO.__Error.WinIOError(Int32 errorCode, String maybeFullPath)
   in System.IO.File.InternalDelete(String path, Boolean checkHost)
   in System.IO.File.Delete(String path)
   in CUT.Program.DirSearch(String dir)
2025-12-09 17:55:35      Delete C:\Program Files (x86)\Trend Micro\Endpoint Basecamp\modules\vom\modules\UiBridgeModule\VOneAgentConsole\System.ObjectModel.dll Met exception:System.UnauthorizedAccessException: Accesso al percorso 'C:\Program Files (x86)\Trend Micro\Endpoint Basecamp\modules\vom\modules\UiBridgeModule\VOneAgentConsole\System.ObjectModel.dll' negato.
   in System.IO.__Error.WinIOError(Int32 errorCode, String maybeFullPath)
   in System.IO.File.InternalDelete(String path, Boolean checkHost)
   in System.IO.File.Delete(String path)
   in CUT.Program.DirSearch(String dir)
2025-12-09 17:55:35      Delete C:\Program Files (x86)\Trend Micro\Endpoint Basecamp\modules\vom\modules\UiBridgeModule\VOneAgentConsole\System.Private.CoreLib.dll Met exception:System.UnauthorizedAccessException: Accesso al percorso 'C:\Program Files (x86)\Trend Micro\Endpoint Basecamp\modules\vom\modules\UiBridgeModule\VOneAgentConsole\System.Private.CoreLib.dll' negato.
   in System.IO.__Error.WinIOError(Int32 errorCode, String maybeFullPath)
   in System.IO.File.InternalDelete(String path, Boolean checkHost)
   in System.IO.File.Delete(String path)
   in CUT.Program.DirSearch(String dir)
2025-12-09 17:55:35      Delete C:\Program Files (x86)\Trend Micro\Endpoint Basecamp\modules\vom\modules\UiBridgeModule\VOneAgentConsole\System.Private.Uri.dll Met exception:System.UnauthorizedAccessException: Accesso al percorso 'C:\Program Files (x86)\Trend Micro\Endpoint Basecamp\modules\vom\modules\UiBridgeModule\VOneAgentConsole\System.Private.Uri.dll' negato.
   in System.IO.__Error.WinIOError(Int32 errorCode, String maybeFullPath)
   in System.IO.File.InternalDelete(String path, Boolean checkHost)
   in System.IO.File.Delete(String path)
   in CUT.Program.DirSearch(String dir)
2025-12-09 17:55:35      Delete C:\Program Files (x86)\Trend Micro\Endpoint Basecamp\modules\vom\modules\UiBridgeModule\VOneAgentConsole\System.Private.Xml.dll Met exception:System.UnauthorizedAccessException: Accesso al percorso 'C:\Program Files (x86)\Trend Micro\Endpoint Basecamp\modules\vom\modules\UiBridgeModule\VOneAgentConsole\System.Private.Xml.dll' negato.
   in System.IO.__Error.WinIOError(Int32 errorCode, String maybeFullPath)
   in System.IO.File.InternalDelete(String path, Boolean checkHost)
   in System.IO.File.Delete(String path)
   in CUT.Program.DirSearch(String dir)
2025-12-09 17:55:35      Delete C:\Program Files (x86)\Trend Micro\Endpoint Basecamp\modules\vom\modules\UiBridgeModule\VOneAgentConsole\System.Reflection.Metadata.dll Met exception:System.UnauthorizedAccessException: Accesso al percorso 'C:\Program Files (x86)\Trend Micro\Endpoint Basecamp\modules\vom\modules\UiBridgeModule\VOneAgentConsole\System.Reflection.Metadata.dll' negato.
   in System.IO.__Error.WinIOError(Int32 errorCode, String maybeFullPath)
   in System.IO.File.InternalDelete(String path, Boolean checkHost)
   in System.IO.File.Delete(String path)
   in CUT.Program.DirSearch(String dir)
2025-12-09 17:55:35      Delete C:\Program Files (x86)\Trend Micro\Endpoint Basecamp\modules\vom\modules\UiBridgeModule\VOneAgentConsole\System.Runtime.CompilerServices.VisualC.dll Met exception:System.UnauthorizedAccessException: Accesso al percorso 'C:\Program Files (x86)\Trend Micro\Endpoint Basecamp\modules\vom\modules\UiBridgeModule\VOneAgentConsole\System.Runtime.CompilerServices.VisualC.dll' negato.
   in System.IO.__Error.WinIOError(Int32 errorCode, String maybeFullPath)
   in System.IO.File.InternalDelete(String path, Boolean checkHost)
   in System.IO.File.Delete(String path)
   in CUT.Program.DirSearch(String dir)
2025-12-09 17:55:35      Delete C:\Program Files (x86)\Trend Micro\Endpoint Basecamp\modules\vom\modules\UiBridgeModule\VOneAgentConsole\System.Runtime.dll Met exception:System.UnauthorizedAccessException: Accesso al percorso 'C:\Program Files (x86)\Trend Micro\Endpoint Basecamp\modules\vom\modules\UiBridgeModule\VOneAgentConsole\System.Runtime.dll' negato.
   in System.IO.__Error.WinIOError(Int32 errorCode, String maybeFullPath)
   in System.IO.File.InternalDelete(String path, Boolean checkHost)
   in System.IO.File.Delete(String path)
   in CUT.Program.DirSearch(String dir)
2025-12-09 17:55:35      Delete C:\Program Files (x86)\Trend Micro\Endpoint Basecamp\modules\vom\modules\UiBridgeModule\VOneAgentConsole\System.Runtime.Extensions.dll Met exception:System.UnauthorizedAccessException: Accesso al percorso 'C:\Program Files (x86)\Trend Micro\Endpoint Basecamp\modules\vom\modules\UiBridgeModule\VOneAgentConsole\System.Runtime.Extensions.dll' negato.
   in System.IO.__Error.WinIOError(Int32 errorCode, String maybeFullPath)
   in System.IO.File.InternalDelete(String path, Boolean checkHost)
   in System.IO.File.Delete(String path)
   in CUT.Program.DirSearch(String dir)
2025-12-09 17:55:35      Delete C:\Program Files (x86)\Trend Micro\Endpoint Basecamp\modules\vom\modules\UiBridgeModule\VOneAgentConsole\System.Runtime.InteropServices.dll Met exception:System.UnauthorizedAccessException: Accesso al percorso 'C:\Program Files (x86)\Trend Micro\Endpoint Basecamp\modules\vom\modules\UiBridgeModule\VOneAgentConsole\System.Runtime.InteropServices.dll' negato.
   in System.IO.__Error.WinIOError(Int32 errorCode, String maybeFullPath)
   in System.IO.File.InternalDelete(String path, Boolean checkHost)
   in System.IO.File.Delete(String path)
   in CUT.Program.DirSearch(String dir)
2025-12-09 17:55:35      Delete C:\Program Files (x86)\Trend Micro\Endpoint Basecamp\modules\vom\modules\UiBridgeModule\VOneAgentConsole\System.Runtime.Loader.dll Met exception:System.UnauthorizedAccessException: Accesso al percorso 'C:\Program Files (x86)\Trend Micro\Endpoint Basecamp\modules\vom\modules\UiBridgeModule\VOneAgentConsole\System.Runtime.Loader.dll' negato.
   in System.IO.__Error.WinIOError(Int32 errorCode, String maybeFullPath)
   in System.IO.File.InternalDelete(String path, Boolean checkHost)
   in System.IO.File.Delete(String path)
   in CUT.Program.DirSearch(String dir)
2025-12-09 17:55:35      Delete C:\Program Files (x86)\Trend Micro\Endpoint Basecamp\modules\vom\modules\UiBridgeModule\VOneAgentConsole\System.Security.AccessControl.dll Met exception:System.UnauthorizedAccessException: Accesso al percorso 'C:\Program Files (x86)\Trend Micro\Endpoint Basecamp\modules\vom\modules\UiBridgeModule\VOneAgentConsole\System.Security.AccessControl.dll' negato.
   in System.IO.__Error.WinIOError(Int32 errorCode, String maybeFullPath)
   in System.IO.File.InternalDelete(String path, Boolean checkHost)
   in System.IO.File.Delete(String path)
   in CUT.Program.DirSearch(String dir)
2025-12-09 17:55:35      Delete C:\Program Files (x86)\Trend Micro\Endpoint Basecamp\modules\vom\modules\UiBridgeModule\VOneAgentConsole\System.Security.Principal.Windows.dll Met exception:System.UnauthorizedAccessException: Accesso al percorso 'C:\Program Files (x86)\Trend Micro\Endpoint Basecamp\modules\vom\modules\UiBridgeModule\VOneAgentConsole\System.Security.Principal.Windows.dll' negato.
   in System.IO.__Error.WinIOError(Int32 errorCode, String maybeFullPath)
   in System.IO.File.InternalDelete(String path, Boolean checkHost)
   in System.IO.File.Delete(String path)
   in CUT.Program.DirSearch(String dir)
2025-12-09 17:55:35      Delete C:\Program Files (x86)\Trend Micro\Endpoint Basecamp\modules\vom\modules\UiBridgeModule\VOneAgentConsole\System.Text.Encoding.Extensions.dll Met exception:System.UnauthorizedAccessException: Accesso al percorso 'C:\Program Files (x86)\Trend Micro\Endpoint Basecamp\modules\vom\modules\UiBridgeModule\VOneAgentConsole\System.Text.Encoding.Extensions.dll' negato.
   in System.IO.__Error.WinIOError(Int32 errorCode, String maybeFullPath)
   in System.IO.File.InternalDelete(String path, Boolean checkHost)
   in System.IO.File.Delete(String path)
   in CUT.Program.DirSearch(String dir)
2025-12-09 17:55:35      Delete C:\Program Files (x86)\Trend Micro\Endpoint Basecamp\modules\vom\modules\UiBridgeModule\VOneAgentConsole\System.Text.Json.dll Met exception:System.UnauthorizedAccessException: Accesso al percorso 'C:\Program Files (x86)\Trend Micro\Endpoint Basecamp\modules\vom\modules\UiBridgeModule\VOneAgentConsole\System.Text.Json.dll' negato.
   in System.IO.__Error.WinIOError(Int32 errorCode, String maybeFullPath)
   in System.IO.File.InternalDelete(String path, Boolean checkHost)
   in System.IO.File.Delete(String path)
   in CUT.Program.DirSearch(String dir)
2025-12-09 17:55:35      Delete C:\Program Files (x86)\Trend Micro\Endpoint Basecamp\modules\vom\modules\UiBridgeModule\VOneAgentConsole\System.Threading.dll Met exception:System.UnauthorizedAccessException: Accesso al percorso 'C:\Program Files (x86)\Trend Micro\Endpoint Basecamp\modules\vom\modules\UiBridgeModule\VOneAgentConsole\System.Threading.dll' negato.
   in System.IO.__Error.WinIOError(Int32 errorCode, String maybeFullPath)
   in System.IO.File.InternalDelete(String path, Boolean checkHost)
   in System.IO.File.Delete(String path)
   in CUT.Program.DirSearch(String dir)
2025-12-09 17:55:35      Delete C:\Program Files (x86)\Trend Micro\Endpoint Basecamp\modules\vom\modules\UiBridgeModule\VOneAgentConsole\System.Threading.Overlapped.dll Met exception:System.UnauthorizedAccessException: Accesso al percorso 'C:\Program Files (x86)\Trend Micro\Endpoint Basecamp\modules\vom\modules\UiBridgeModule\VOneAgentConsole\System.Threading.Overlapped.dll' negato.
   in System.IO.__Error.WinIOError(Int32 errorCode, String maybeFullPath)
   in System.IO.File.InternalDelete(String path, Boolean checkHost)
   in System.IO.File.Delete(String path)
   in CUT.Program.DirSearch(String dir)
2025-12-09 17:55:35      Delete C:\Program Files (x86)\Trend Micro\Endpoint Basecamp\modules\vom\modules\UiBridgeModule\VOneAgentConsole\System.Threading.Thread.dll Met exception:System.UnauthorizedAccessException: Accesso al percorso 'C:\Program Files (x86)\Trend Micro\Endpoint Basecamp\modules\vom\modules\UiBridgeModule\VOneAgentConsole\System.Threading.Thread.dll' negato.
   in System.IO.__Error.WinIOError(Int32 errorCode, String maybeFullPath)
   in System.IO.File.InternalDelete(String path, Boolean checkHost)
   in System.IO.File.Delete(String path)
   in CUT.Program.DirSearch(String dir)
2025-12-09 17:55:35      Delete C:\Program Files (x86)\Trend Micro\Endpoint Basecamp\modules\vom\modules\UiBridgeModule\VOneAgentConsole\System.Threading.ThreadPool.dll Met exception:System.UnauthorizedAccessException: Accesso al percorso 'C:\Program Files (x86)\Trend Micro\Endpoint Basecamp\modules\vom\modules\UiBridgeModule\VOneAgentConsole\System.Threading.ThreadPool.dll' negato.
   in System.IO.__Error.WinIOError(Int32 errorCode, String maybeFullPath)
   in System.IO.File.InternalDelete(String path, Boolean checkHost)
   in System.IO.File.Delete(String path)
   in CUT.Program.DirSearch(String dir)
2025-12-09 17:55:35      Delete C:\Program Files (x86)\Trend Micro\Endpoint Basecamp\modules\vom\modules\UiBridgeModule\VOneAgentConsole\System.Windows.Controls.Ribbon.dll Met exception:System.UnauthorizedAccessException: Accesso al percorso 'C:\Program Files (x86)\Trend Micro\Endpoint Basecamp\modules\vom\modules\UiBridgeModule\VOneAgentConsole\System.Windows.Controls.Ribbon.dll' negato.
   in System.IO.__Error.WinIOError(Int32 errorCode, String maybeFullPath)
   in System.IO.File.InternalDelete(String path, Boolean checkHost)
   in System.IO.File.Delete(String path)
   in CUT.Program.DirSearch(String dir)
2025-12-09 17:55:35      Delete C:\Program Files (x86)\Trend Micro\Endpoint Basecamp\modules\vom\modules\UiBridgeModule\VOneAgentConsole\System.Windows.Extensions.dll Met exception:System.UnauthorizedAccessException: Accesso al percorso 'C:\Program Files (x86)\Trend Micro\Endpoint Basecamp\modules\vom\modules\UiBridgeModule\VOneAgentConsole\System.Windows.Extensions.dll' negato.
   in System.IO.__Error.WinIOError(Int32 errorCode, String maybeFullPath)
   in System.IO.File.InternalDelete(String path, Boolean checkHost)
   in System.IO.File.Delete(String path)
   in CUT.Program.DirSearch(String dir)
2025-12-09 17:55:35      Delete C:\Program Files (x86)\Trend Micro\Endpoint Basecamp\modules\vom\modules\UiBridgeModule\VOneAgentConsole\System.Windows.Forms.dll Met exception:System.UnauthorizedAccessException: Accesso al percorso 'C:\Program Files (x86)\Trend Micro\Endpoint Basecamp\modules\vom\modules\UiBridgeModule\VOneAgentConsole\System.Windows.Forms.dll' negato.
   in System.IO.__Error.WinIOError(Int32 errorCode, String maybeFullPath)
   in System.IO.File.InternalDelete(String path, Boolean checkHost)
   in System.IO.File.Delete(String path)
   in CUT.Program.DirSearch(String dir)
2025-12-09 17:55:35      Delete C:\Program Files (x86)\Trend Micro\Endpoint Basecamp\modules\vom\modules\UiBridgeModule\VOneAgentConsole\System.Windows.Forms.Primitives.dll Met exception:System.UnauthorizedAccessException: Accesso al percorso 'C:\Program Files (x86)\Trend Micro\Endpoint Basecamp\modules\vom\modules\UiBridgeModule\VOneAgentConsole\System.Windows.Forms.Primitives.dll' negato.
   in System.IO.__Error.WinIOError(Int32 errorCode, String maybeFullPath)
   in System.IO.File.InternalDelete(String path, Boolean checkHost)
   in System.IO.File.Delete(String path)
   in CUT.Program.DirSearch(String dir)
2025-12-09 17:55:35      Delete C:\Program Files (x86)\Trend Micro\Endpoint Basecamp\modules\vom\modules\UiBridgeModule\VOneAgentConsole\System.Xaml.dll Met exception:System.UnauthorizedAccessException: Accesso al percorso 'C:\Program Files (x86)\Trend Micro\Endpoint Basecamp\modules\vom\modules\UiBridgeModule\VOneAgentConsole\System.Xaml.dll' negato.
   in System.IO.__Error.WinIOError(Int32 errorCode, String maybeFullPath)
   in System.IO.File.InternalDelete(String path, Boolean checkHost)
   in System.IO.File.Delete(String path)
   in CUT.Program.DirSearch(String dir)
2025-12-09 17:55:35      Delete C:\Program Files (x86)\Trend Micro\Endpoint Basecamp\modules\vom\modules\UiBridgeModule\VOneAgentConsole\System.Xml.ReaderWriter.dll Met exception:System.UnauthorizedAccessException: Accesso al percorso 'C:\Program Files (x86)\Trend Micro\Endpoint Basecamp\modules\vom\modules\UiBridgeModule\VOneAgentConsole\System.Xml.ReaderWriter.dll' negato.
   in System.IO.__Error.WinIOError(Int32 errorCode, String maybeFullPath)
   in System.IO.File.InternalDelete(String path, Boolean checkHost)
   in System.IO.File.Delete(String path)
   in CUT.Program.DirSearch(String dir)
2025-12-09 17:55:35      Delete C:\Program Files (x86)\Trend Micro\Endpoint Basecamp\modules\vom\modules\UiBridgeModule\VOneAgentConsole\ucrtbase.dll Met exception:System.UnauthorizedAccessException: Accesso al percorso 'C:\Program Files (x86)\Trend Micro\Endpoint Basecamp\modules\vom\modules\UiBridgeModule\VOneAgentConsole\ucrtbase.dll' negato.
   in System.IO.__Error.WinIOError(Int32 errorCode, String maybeFullPath)
   in System.IO.File.InternalDelete(String path, Boolean checkHost)
   in System.IO.File.Delete(String path)
   in CUT.Program.DirSearch(String dir)
2025-12-09 17:55:35      Delete C:\Program Files (x86)\Trend Micro\Endpoint Basecamp\modules\vom\modules\UiBridgeModule\VOneAgentConsole\Utility.dll Met exception:System.UnauthorizedAccessException: Accesso al percorso 'C:\Program Files (x86)\Trend Micro\Endpoint Basecamp\modules\vom\modules\UiBridgeModule\VOneAgentConsole\Utility.dll' negato.
   in System.IO.__Error.WinIOError(Int32 errorCode, String maybeFullPath)
   in System.IO.File.InternalDelete(String path, Boolean checkHost)
   in System.IO.File.Delete(String path)
   in CUT.Program.DirSearch(String dir)
2025-12-09 17:55:35      Delete C:\Program Files (x86)\Trend Micro\Endpoint Basecamp\modules\vom\modules\UiBridgeModule\VOneAgentConsole\VOneAgentConsoleTray.dll Met exception:System.UnauthorizedAccessException: Accesso al percorso 'C:\Program Files (x86)\Trend Micro\Endpoint Basecamp\modules\vom\modules\UiBridgeModule\VOneAgentConsole\VOneAgentConsoleTray.dll' negato.
   in System.IO.__Error.WinIOError(Int32 errorCode, String maybeFullPath)
   in System.IO.File.InternalDelete(String path, Boolean checkHost)
   in System.IO.File.Delete(String path)
   in CUT.Program.DirSearch(String dir)
2025-12-09 17:55:35      Delete C:\Program Files (x86)\Trend Micro\Endpoint Basecamp\modules\vom\modules\UiBridgeModule\VOneAgentConsole\VOneAgentConsoleTray.exe Met exception:System.UnauthorizedAccessException: Accesso al percorso 'C:\Program Files (x86)\Trend Micro\Endpoint Basecamp\modules\vom\modules\UiBridgeModule\VOneAgentConsole\VOneAgentConsoleTray.exe' negato.
   in System.IO.__Error.WinIOError(Int32 errorCode, String maybeFullPath)
   in System.IO.File.InternalDelete(String path, Boolean checkHost)
   in System.IO.File.Delete(String path)
   in CUT.Program.DirSearch(String dir)
2025-12-09 17:55:35      Delete C:\Program Files (x86)\Trend Micro\Endpoint Basecamp\modules\vom\modules\UiBridgeModule\VOneAgentConsole\WindowsBase.dll Met exception:System.UnauthorizedAccessException: Accesso al percorso 'C:\Program Files (x86)\Trend Micro\Endpoint Basecamp\modules\vom\modules\UiBridgeModule\VOneAgentConsole\WindowsBase.dll' negato.
   in System.IO.__Error.WinIOError(Int32 errorCode, String maybeFullPath)
   in System.IO.File.InternalDelete(String path, Boolean checkHost)
   in System.IO.File.Delete(String path)
   in CUT.Program.DirSearch(String dir)
2025-12-09 17:55:35      Delete C:\Program Files (x86)\Trend Micro\Endpoint Basecamp\modules\vom\modules\UiBridgeModule\VOneAgentConsole\Wpf.Ui.dll Met exception:System.UnauthorizedAccessException: Accesso al percorso 'C:\Program Files (x86)\Trend Micro\Endpoint Basecamp\modules\vom\modules\UiBridgeModule\VOneAgentConsole\Wpf.Ui.dll' negato.
   in System.IO.__Error.WinIOError(Int32 errorCode, String maybeFullPath)
   in System.IO.File.InternalDelete(String path, Boolean checkHost)
   in System.IO.File.Delete(String path)
   in CUT.Program.DirSearch(String dir)
2025-12-09 17:55:35      Delete C:\Program Files (x86)\Trend Micro\Endpoint Basecamp\modules\vom\modules\UiBridgeModule\VOneAgentConsole\it-IT\VOneAgentConsoleTray.resources.dll Met exception:System.UnauthorizedAccessException: Accesso al percorso 'C:\Program Files (x86)\Trend Micro\Endpoint Basecamp\modules\vom\modules\UiBridgeModule\VOneAgentConsole\it-IT\VOneAgentConsoleTray.resources.dll' negato.
   in System.IO.__Error.WinIOError(Int32 errorCode, String maybeFullPath)
   in System.IO.File.InternalDelete(String path, Boolean checkHost)
   in System.IO.File.Delete(String path)
   in CUT.Program.DirSearch(String dir)
2025-12-09 17:55:35      Delete C:\Program Files (x86)\Trend Micro\Endpoint Basecamp\modules\vom\modules\VomPolicyManager\sodb_ae86.db Met exception:System.IO.IOException: Il processo non può accedere al file 'C:\Program Files (x86)\Trend Micro\Endpoint Basecamp\modules\vom\modules\VomPolicyManager\sodb_ae86.db' perché è in uso da un altro processo.
   in System.IO.__Error.WinIOError(Int32 errorCode, String maybeFullPath)
   in System.IO.File.InternalDelete(String path, Boolean checkHost)
   in System.IO.File.Delete(String path)
   in CUT.Program.DirSearch(String dir)
2025-12-09 17:55:35      Delete C:\Program Files (x86)\Trend Micro\Endpoint Basecamp\modules\vom\modules\VomPolicyManager\VomPolicyManager.dll Met exception:System.UnauthorizedAccessException: Accesso al percorso 'C:\Program Files (x86)\Trend Micro\Endpoint Basecamp\modules\vom\modules\VomPolicyManager\VomPolicyManager.dll' negato.
   in System.IO.__Error.WinIOError(Int32 errorCode, String maybeFullPath)
   in System.IO.File.InternalDelete(String path, Boolean checkHost)
   in System.IO.File.Delete(String path)
   in CUT.Program.DirSearch(String dir)
2025-12-09 17:55:35      Delete C:\Program Files (x86)\Trend Micro\Endpoint Basecamp\modules\vom\modules\WSCommunicator\WSC.dll Met exception:System.UnauthorizedAccessException: Accesso al percorso 'C:\Program Files (x86)\Trend Micro\Endpoint Basecamp\modules\vom\modules\WSCommunicator\WSC.dll' negato.
   in System.IO.__Error.WinIOError(Int32 errorCode, String maybeFullPath)
   in System.IO.File.InternalDelete(String path, Boolean checkHost)
   in System.IO.File.Delete(String path)
   in CUT.Program.DirSearch(String dir)
2025-12-09 17:55:35      Delete C:\Program Files (x86)\Trend Micro\Endpoint Basecamp\modules\vom\WSC\dllWscSdk.dll Met exception:System.UnauthorizedAccessException: Accesso al percorso 'C:\Program Files (x86)\Trend Micro\Endpoint Basecamp\modules\vom\WSC\dllWscSdk.dll' negato.
   in System.IO.__Error.WinIOError(Int32 errorCode, String maybeFullPath)
   in System.IO.File.InternalDelete(String path, Boolean checkHost)
   in System.IO.File.Delete(String path)
   in CUT.Program.DirSearch(String dir)
2025-12-09 17:55:35      Delete XBC folder, met exception: System.UnauthorizedAccessException: Accesso al percorso 'EndpointBasecamp.exe' negato.
   in System.IO.Directory.DeleteHelper(String fullPath, String userPath, Boolean recursive, Boolean throwOnTopLevelDirectoryNotFound, WIN32_FIND_DATA& data)
   in System.IO.Directory.Delete(String fullPath, String userPath, Boolean recursive, Boolean checkHost)
   in CUT.Program.DeleteXBCSCPFolder(String AppPath)
2025-12-09 17:55:35      Delete SCP folder, met exception: System.IO.DirectoryNotFoundException: Impossibile trovare una parte del percorso 'C:\Program Files (x86)\Trend Micro\SupportConnector\'.
   in System.IO.__Error.WinIOError(Int32 errorCode, String maybeFullPath)
   in System.IO.Directory.Delete(String fullPath, String userPath, Boolean recursive, Boolean checkHost)
   in CUT.Program.DeleteXBCSCPFolder(String AppPath)
2025-12-09 17:55:36      Deleted Schedule Task: Trend Micro Apex One Security Services Support Connector
2025-12-09 17:55:36      Deleted Schedule Task: Trend Micro Worry-Free Business Security Services Recovery Pack Tool
2025-12-09 17:55:36      DelSpecificRegKeys foreach met exception: System.ArgumentException: Caratteri non validi nel percorso.
   in System.IO.Path.CheckInvalidPathChars(String path, Boolean checkAdditional)
   in System.IO.Path.GetFileName(String path)
   in CUT.Program.DelSpecificRegKeys()
2025-12-09 17:55:36      DelSpecificRegKeys met exception: System.ArgumentException: Caratteri non validi nel percorso.
   in System.IO.Path.CheckInvalidPathChars(String path, Boolean checkAdditional)
   in System.IO.Path.GetFileName(String path)
   in CUT.Program.DelSpecificRegKeys()
2025-12-09 17:55:36      DelSpecificRegKeys met exception: System.NullReferenceException: Riferimento a un oggetto non impostato su un'istanza di oggetto.
   in CUT.Program.DelSpecificRegKeys()
2025-12-09 17:55:36      DelSpecificRegKeys met exception: System.NullReferenceException: Riferimento a un oggetto non impostato su un'istanza di oggetto.
   in CUT.Program.DelSpecificRegKeys()
2025-12-09 17:55:36      agent main components have been removed completely.
2025-12-09 17:55:38      Finished running MSI clean bat....
2025-12-09 17:55:44      Finished....
2025-12-09 17:55:44      You need to reboot PC once finally!
2025-12-09 17:55:44      removeGuidsForAgent met exception: System.ComponentModel.Win32Exception (0x80004005): Impossibile trovare il file specificato
   in System.Diagnostics.Process.StartWithCreateProcess(ProcessStartInfo startInfo)
   in System.Diagnostics.Process.Start()
   in CUT.Program.removeGuidsForAgent()
2025-12-15 08:34:34      VerifyAccessWithDate 0
2025-12-15 08:34:34      getLicenseDate
2025-12-15 08:34:34      GetNetworkTime 0
2025-12-15 08:34:34      GetNetworkTime 1
2025-12-15 08:34:34      GetNetworkTime 2
2025-12-15 08:34:34      GetNetworkTime 3
2025-12-15 08:34:34      GetNetworkTime 4
2025-12-15 08:34:34      GetNetworkTime:3974772874864
2025-12-15 08:34:34      Temp folder existing, cleanup it first!
2025-12-15 08:34:34      ExtractResourceEXEFilec:\temp\7597ed8d2925998a62a3281e938eaf02\msizap_64x.exe
2025-12-15 08:34:34      ExtractResourceTextFilec:\temp\7597ed8d2925998a62a3281e938eaf02\ms_temp20251215083434_x.bat
2025-12-15 08:34:34      ExtractResourceEXEFilec:\temp\7597ed8d2925998a62a3281e938eaf02\ms_temp20251215083434_x.exe
2025-12-15 08:34:35      ExtractResourceTextFilec:\temp\7597ed8d2925998a62a3281e938eaf02\CmnUnins.ini
2025-12-15 08:34:35      ExtractResourceEXEFilec:\temp\7597ed8d2925998a62a3281e938eaf02\iVP_Clp_64x.exe
2025-12-15 08:34:35      ExtractResourceEXEFilec:\temp\7597ed8d2925998a62a3281e938eaf02\iAC_Clp_64x.exe
2025-12-15 08:34:35      ExtractResourceEXEFilec:\temp\7597ed8d2925998a62a3281e938eaf02\iES_Clp_64x.exe
2025-12-15 08:34:35      ExtractResourceEXEFilec:\temp\7597ed8d2925998a62a3281e938eaf02\TmFixDuplicateKey.exe
2025-12-15 08:34:35      ExtractResourceEXEFilec:\temp\7597ed8d2925998a62a3281e938eaf02\iDLP_Clp.exe
2025-12-15 08:34:35      ExtractResourceEXEFilec:\temp\7597ed8d2925998a62a3281e938eaf02\tmlwfins_64x.exe
2025-12-15 08:34:35      Remove duplicate key!
2025-12-15 08:34:38      this is 64bit OS....
2025-12-15 08:34:38      Running common uninstall tool for agent.....
2025-12-15 08:34:43        ---Finished Step1, Running Step2.....
2025-12-15 08:34:43        ---Finished Step2, Running Step3.....
2025-12-15 08:36:53        ---Finished Step3, Running Step4.....
2025-12-15 08:51:11        ---Finished Step4, Running Step5.....
2025-12-15 08:51:11        ---Finished Step5, Running Step6.....
2025-12-15 08:51:11        ---Finished Step6, Running Step7.....
2025-12-15 08:51:11        ---Finished Step7, Running Step8.....
2025-12-15 08:51:21        ---Finished Step8, Running Step9.....
2025-12-15 08:54:53      Finish to monitor Common Uninstall process, please check ComUnist.log for more details.
2025-12-15 08:54:59      Delete 64bit view REG key Operation Failed.
2025-12-15 08:54:59      HKLM\SOFTWARE\Microsoft\Windows\CurrentVersion\Installer\Folders, C:\Program Files (x86)\Trend Micro\Security Agent\\
2025-12-15 08:54:59      Delete 64bit view REG key Operation Failed.
2025-12-15 08:54:59      HKLM\SOFTWARE\Microsoft\Windows\CurrentVersion\Installer\Folders, C:\Program Files (x86)\Trend Micro\OfficeScan Client\\
2025-12-15 08:54:59      Delete 64bit view REG key Operation Failed.
2025-12-15 08:54:59      HKLM\SOFTWARE\Microsoft\Windows\CurrentVersion\Installer\Folders, C:\ProgramData\Microsoft\Windows\Start Menu\Programs\Trend Micro Worry-Free Business Security Agent\\
2025-12-15 08:54:59      Delete 64bit view REG key Operation Failed.Operazione completata.

2025-12-15 08:54:59      HKLM\SOFTWARE\Microsoft\Windows\CurrentVersion\Installer\Folders, C:\ProgramData\Microsoft\Windows\Start Menu\Programs\Trend Micro Security Agent\\
2025-12-15 08:54:59      Finished iVP cleanup....
2025-12-15 08:55:17      Finished TMEAC cleanup....
2025-12-15 08:55:21      Finished iAC cleanup....
2025-12-15 08:55:26      Finished iES cleanup....
2025-12-15 08:55:26      Cleanup iES_Clp_64x.exe, met exception.
2025-12-15 08:55:29      Cleanup iES_Clp_64x.exe, met exception.
2025-12-15 08:55:32      Cleanup iES_Clp_64x.exe, met exception.
2025-12-15 08:55:35      Cleanup iES_Clp_64x.exe, met exception.
2025-12-15 08:55:38      Cleanup iES_Clp_64x.exe, met exception.
2025-12-15 08:55:44      Delete C:\Program Files (x86)\Trend Micro\Client Server Security Agent\HostedAgent\Misc\EventLog.db Met exception:System.IO.IOException: Il processo non può accedere al file 'C:\Program Files (x86)\Trend Micro\Client Server Security Agent\HostedAgent\Misc\EventLog.db' perché è in uso da un altro processo.
   in System.IO.__Error.WinIOError(Int32 errorCode, String maybeFullPath)
   in System.IO.File.InternalDelete(String path, Boolean checkHost)
   in System.IO.File.Delete(String path)
   in CUT.Program.DirSearch(String dir)
2025-12-15 08:55:44      Delete C:\Program Files (x86)\Trend Micro\Client Server Security Agent\HostedAgent\Misc\EventLog.db Met exception:System.IO.IOException: Il processo non può accedere al file 'C:\Program Files (x86)\Trend Micro\Client Server Security Agent\HostedAgent\Misc\EventLog.db' perché è in uso da un altro processo.
   in System.IO.__Error.WinIOError(Int32 errorCode, String maybeFullPath)
   in System.IO.File.InternalDelete(String path, Boolean checkHost)
   in System.IO.File.Delete(String path)
   in CUT.Program.DirSearch(String dir)
2025-12-15 08:55:44      Delete iXX folder, met exception: System.IO.IOException: Il processo non può accedere al file 'EventLog.db' perché è in uso da un altro processo.
   in System.IO.Directory.DeleteHelper(String fullPath, String userPath, Boolean recursive, Boolean throwOnTopLevelDirectoryNotFound, WIN32_FIND_DATA& data)
   in System.IO.Directory.Delete(String fullPath, String userPath, Boolean recursive, Boolean checkHost)
   in CUT.Program.RemoveiServiceFolders(String iXXpath, String AppPath)
2025-12-15 08:55:44      Delete AppPath folder, met exception: System.IO.IOException: Il processo non può accedere al file 'EventLog.db' perché è in uso da un altro processo.
   in System.IO.Directory.DeleteHelper(String fullPath, String userPath, Boolean recursive, Boolean throwOnTopLevelDirectoryNotFound, WIN32_FIND_DATA& data)
   in System.IO.Directory.Delete(String fullPath, String userPath, Boolean recursive, Boolean checkHost)
   in CUT.Program.RemoveiServiceFolders(String iXXpath, String AppPath)
2025-12-15 08:55:45      Finished iDLP double cleanup....
2025-12-15 08:55:48      Delete C:\Program Files (x86)\Trend Micro\Client Server Security Agent\HostedAgent\Misc\EventLog.db Met exception:System.IO.IOException: Il processo non può accedere al file 'C:\Program Files (x86)\Trend Micro\Client Server Security Agent\HostedAgent\Misc\EventLog.db' perché è in uso da un altro processo.
   in System.IO.__Error.WinIOError(Int32 errorCode, String maybeFullPath)
   in System.IO.File.InternalDelete(String path, Boolean checkHost)
   in System.IO.File.Delete(String path)
   in CUT.Program.DirSearch(String dir)
2025-12-15 08:55:48      Delete C:\Program Files (x86)\Trend Micro\Client Server Security Agent\HostedAgent\Misc\EventLog.db Met exception:System.IO.IOException: Il processo non può accedere al file 'C:\Program Files (x86)\Trend Micro\Client Server Security Agent\HostedAgent\Misc\EventLog.db' perché è in uso da un altro processo.
   in System.IO.__Error.WinIOError(Int32 errorCode, String maybeFullPath)
   in System.IO.File.InternalDelete(String path, Boolean checkHost)
   in System.IO.File.Delete(String path)
   in CUT.Program.DirSearch(String dir)
2025-12-15 08:55:48      Delete XBC folder, met exception: System.IO.IOException: Il processo non può accedere al file 'EventLog.db' perché è in uso da un altro processo.
   in System.IO.Directory.DeleteHelper(String fullPath, String userPath, Boolean recursive, Boolean throwOnTopLevelDirectoryNotFound, WIN32_FIND_DATA& data)
   in System.IO.Directory.Delete(String fullPath, String userPath, Boolean recursive, Boolean checkHost)
   in CUT.Program.DeleteXBCSCPFolder(String AppPath)
2025-12-15 08:55:48      Delete SCP folder, met exception: System.IO.IOException: Il processo non può accedere al file 'EventLog.db' perché è in uso da un altro processo.
   in System.IO.Directory.DeleteHelper(String fullPath, String userPath, Boolean recursive, Boolean throwOnTopLevelDirectoryNotFound, WIN32_FIND_DATA& data)
   in System.IO.Directory.Delete(String fullPath, String userPath, Boolean recursive, Boolean checkHost)
   in CUT.Program.DeleteXBCSCPFolder(String AppPath)
2025-12-15 08:55:48      Deleted Schedule Task: Trend Micro Apex One Security Services Support Connector
2025-12-15 08:55:48      Deleted Schedule Task: Trend Micro Worry-Free Business Security Services Recovery Pack Tool
2025-12-15 08:55:48      DelSpecificRegKeys foreach met exception: System.ArgumentException: Caratteri non validi nel percorso.
   in System.IO.Path.CheckInvalidPathChars(String path, Boolean checkAdditional)
   in System.IO.Path.GetFileName(String path)
   in CUT.Program.DelSpecificRegKeys()
2025-12-15 08:55:48      Delete plugin reg key. Key Under: {6138A34F-DCA4-48D0-95CC-51E1D8F30B58}, under HKEY_CLASSES_ROOT\CLSID
2025-12-15 08:55:48      Delete 64bit view REG key Operation Failed.Operazione completata.

2025-12-15 08:55:48      HKEY_CLASSES_ROOT\CLSID\{6138A34F-DCA4-48D0-95CC-51E1D8F30B58}
2025-12-15 08:55:48      DelSpecificRegKeys met exception: System.ArgumentException: Caratteri non validi nel percorso.
   in System.IO.Path.CheckInvalidPathChars(String path, Boolean checkAdditional)
   in System.IO.Path.GetFileName(String path)
   in CUT.Program.DelSpecificRegKeys()
2025-12-15 08:55:48      DelSpecificRegKeys met exception: System.NullReferenceException: Riferimento a un oggetto non impostato su un'istanza di oggetto.
   in CUT.Program.DelSpecificRegKeys()
2025-12-15 08:55:48      DelSpecificRegKeys met exception: System.NullReferenceException: Riferimento a un oggetto non impostato su un'istanza di oggetto.
   in CUT.Program.DelSpecificRegKeys()
2025-12-15 08:55:48      agent REG has not been removed completely.

2025-12-15 08:55:50      Finished running MSI clean bat....
2025-12-15 08:55:56      Finished....
2025-12-15 08:55:56      You need to reboot PC once finally!
2025-12-15 08:55:56      removeGuidsForAgent met exception: System.ComponentModel.Win32Exception (0x80004005): Impossibile trovare il file specificato
   in System.Diagnostics.Process.StartWithCreateProcess(ProcessStartInfo startInfo)
   in System.Diagnostics.Process.Start()
   in CUT.Program.removeGuidsForAgent()
2025-12-23 11:25:32      VerifyAccessWithDate 0
2025-12-23 11:25:32      getLicenseDate
2025-12-23 11:25:32      GetNetworkTime 0
2025-12-23 11:25:32      GetNetworkTime 1
2025-12-23 11:25:32      GetNetworkTime 2
2025-12-23 11:25:32      GetNetworkTime 3
2025-12-23 11:25:32      GetNetworkTime 4
2025-12-23 11:25:32      GetNetworkTime:3975474332732
2025-12-23 11:25:32      Temp folder existing, cleanup it first!
2025-12-23 11:25:32      ExtractResourceEXEFilec:\temp\7597ed8d2925998a62a3281e938eaf02\msizap_64x.exe
2025-12-23 11:25:32      ExtractResourceTextFilec:\temp\7597ed8d2925998a62a3281e938eaf02\ms_temp20251223112532_x.bat
2025-12-23 11:25:32      ExtractResourceEXEFilec:\temp\7597ed8d2925998a62a3281e938eaf02\ms_temp20251223112532_x.exe
2025-12-23 11:25:32      ExtractResourceTextFilec:\temp\7597ed8d2925998a62a3281e938eaf02\CmnUnins.ini
2025-12-23 11:25:32      ExtractResourceEXEFilec:\temp\7597ed8d2925998a62a3281e938eaf02\iVP_Clp_64x.exe
2025-12-23 11:25:32      ExtractResourceEXEFilec:\temp\7597ed8d2925998a62a3281e938eaf02\iAC_Clp_64x.exe
2025-12-23 11:25:32      ExtractResourceEXEFilec:\temp\7597ed8d2925998a62a3281e938eaf02\iES_Clp_64x.exe
2025-12-23 11:25:32      ExtractResourceEXEFilec:\temp\7597ed8d2925998a62a3281e938eaf02\TmFixDuplicateKey.exe
2025-12-23 11:25:32      ExtractResourceEXEFilec:\temp\7597ed8d2925998a62a3281e938eaf02\iDLP_Clp.exe
2025-12-23 11:25:32      ExtractResourceEXEFilec:\temp\7597ed8d2925998a62a3281e938eaf02\tmlwfins_64x.exe
2025-12-23 11:25:33      Remove duplicate key!
2025-12-23 11:25:36      this is 64bit OS....
2025-12-23 11:25:36      Running common uninstall tool for agent.....
2025-12-23 11:25:41        ---Finished Step1, Running Step2.....
2025-12-23 11:25:41        ---Finished Step2, Running Step3.....
2025-12-23 11:27:56        ---Finished Step3, Running Step4.....
2025-12-23 11:42:18        ---Finished Step4, Running Step5.....
2025-12-23 11:42:18        ---Finished Step5, Running Step6.....
2025-12-23 11:42:18        ---Finished Step6, Running Step7.....
2025-12-23 11:42:18        ---Finished Step7, Running Step8.....
2025-12-23 11:42:23        ---Finished Step8, Running Step9.....
2025-12-23 11:46:11      Finish to monitor Common Uninstall process, please check ComUnist.log for more details.
2025-12-23 11:46:16      Delete 64bit view REG key Operation Failed.
2025-12-23 11:46:16      HKLM\SOFTWARE\Microsoft\Windows\CurrentVersion\Installer\Folders, C:\Program Files (x86)\Trend Micro\Security Agent\\
2025-12-23 11:46:16      Delete 64bit view REG key Operation Failed.
2025-12-23 11:46:16      HKLM\SOFTWARE\Microsoft\Windows\CurrentVersion\Installer\Folders, C:\Program Files (x86)\Trend Micro\OfficeScan Client\\
2025-12-23 11:46:16      Delete 64bit view REG key Operation Failed.
2025-12-23 11:46:16      HKLM\SOFTWARE\Microsoft\Windows\CurrentVersion\Installer\Folders, C:\ProgramData\Microsoft\Windows\Start Menu\Programs\Trend Micro Worry-Free Business Security Agent\\
2025-12-23 11:46:16      Delete 64bit view REG key Operation Failed.Operazione completata.

2025-12-23 11:46:16      HKLM\SOFTWARE\Microsoft\Windows\CurrentVersion\Installer\Folders, C:\ProgramData\Microsoft\Windows\Start Menu\Programs\Trend Micro Security Agent\\
2025-12-23 11:46:16      Finished iVP cleanup....
2025-12-23 11:46:35      Finished TMEAC cleanup....
2025-12-23 11:46:39      Finished iAC cleanup....
2025-12-23 11:46:43      Finished iES cleanup....
2025-12-23 11:46:43      Cleanup iES_Clp_64x.exe, met exception.
2025-12-23 11:46:46      Cleanup iES_Clp_64x.exe, met exception.
2025-12-23 11:46:49      Cleanup iES_Clp_64x.exe, met exception.
2025-12-23 11:46:52      Cleanup iES_Clp_64x.exe, met exception.
2025-12-23 11:46:55      Cleanup iES_Clp_64x.exe, met exception.
2025-12-23 11:47:02      Delete C:\Program Files (x86)\Trend Micro\Client Server Security Agent\HostedAgent\Misc\EventLog.db Met exception:System.IO.IOException: Il processo non può accedere al file 'C:\Program Files (x86)\Trend Micro\Client Server Security Agent\HostedAgent\Misc\EventLog.db' perché è in uso da un altro processo.
   in System.IO.__Error.WinIOError(Int32 errorCode, String maybeFullPath)
   in System.IO.File.InternalDelete(String path, Boolean checkHost)
   in System.IO.File.Delete(String path)
   in CUT.Program.DirSearch(String dir)
2025-12-23 11:47:02      Delete C:\Program Files (x86)\Trend Micro\Client Server Security Agent\HostedAgent\Misc\EventLog.db Met exception:System.IO.IOException: Il processo non può accedere al file 'C:\Program Files (x86)\Trend Micro\Client Server Security Agent\HostedAgent\Misc\EventLog.db' perché è in uso da un altro processo.
   in System.IO.__Error.WinIOError(Int32 errorCode, String maybeFullPath)
   in System.IO.File.InternalDelete(String path, Boolean checkHost)
   in System.IO.File.Delete(String path)
   in CUT.Program.DirSearch(String dir)
2025-12-23 11:47:02      Delete iXX folder, met exception: System.IO.IOException: Il processo non può accedere al file 'EventLog.db' perché è in uso da un altro processo.
   in System.IO.Directory.DeleteHelper(String fullPath, String userPath, Boolean recursive, Boolean throwOnTopLevelDirectoryNotFound, WIN32_FIND_DATA& data)
   in System.IO.Directory.Delete(String fullPath, String userPath, Boolean recursive, Boolean checkHost)
   in CUT.Program.RemoveiServiceFolders(String iXXpath, String AppPath)
2025-12-23 11:47:02      Delete AppPath folder, met exception: System.IO.IOException: Il processo non può accedere al file 'EventLog.db' perché è in uso da un altro processo.
   in System.IO.Directory.DeleteHelper(String fullPath, String userPath, Boolean recursive, Boolean throwOnTopLevelDirectoryNotFound, WIN32_FIND_DATA& data)
   in System.IO.Directory.Delete(String fullPath, String userPath, Boolean recursive, Boolean checkHost)
   in CUT.Program.RemoveiServiceFolders(String iXXpath, String AppPath)
2025-12-23 11:47:02      Finished iDLP double cleanup....
2025-12-23 11:47:05      Delete C:\Program Files (x86)\Trend Micro\Client Server Security Agent\HostedAgent\Misc\EventLog.db Met exception:System.IO.IOException: Il processo non può accedere al file 'C:\Program Files (x86)\Trend Micro\Client Server Security Agent\HostedAgent\Misc\EventLog.db' perché è in uso da un altro processo.
   in System.IO.__Error.WinIOError(Int32 errorCode, String maybeFullPath)
   in System.IO.File.InternalDelete(String path, Boolean checkHost)
   in System.IO.File.Delete(String path)
   in CUT.Program.DirSearch(String dir)
2025-12-23 11:47:05      Delete C:\Program Files (x86)\Trend Micro\Client Server Security Agent\HostedAgent\Misc\EventLog.db Met exception:System.IO.IOException: Il processo non può accedere al file 'C:\Program Files (x86)\Trend Micro\Client Server Security Agent\HostedAgent\Misc\EventLog.db' perché è in uso da un altro processo.
   in System.IO.__Error.WinIOError(Int32 errorCode, String maybeFullPath)
   in System.IO.File.InternalDelete(String path, Boolean checkHost)
   in System.IO.File.Delete(String path)
   in CUT.Program.DirSearch(String dir)
2025-12-23 11:47:05      Delete XBC folder, met exception: System.IO.IOException: Il processo non può accedere al file 'EventLog.db' perché è in uso da un altro processo.
   in System.IO.Directory.DeleteHelper(String fullPath, String userPath, Boolean recursive, Boolean throwOnTopLevelDirectoryNotFound, WIN32_FIND_DATA& data)
   in System.IO.Directory.Delete(String fullPath, String userPath, Boolean recursive, Boolean checkHost)
   in CUT.Program.DeleteXBCSCPFolder(String AppPath)
2025-12-23 11:47:05      Delete SCP folder, met exception: System.IO.IOException: Il processo non può accedere al file 'EventLog.db' perché è in uso da un altro processo.
   in System.IO.Directory.DeleteHelper(String fullPath, String userPath, Boolean recursive, Boolean throwOnTopLevelDirectoryNotFound, WIN32_FIND_DATA& data)
   in System.IO.Directory.Delete(String fullPath, String userPath, Boolean recursive, Boolean checkHost)
   in CUT.Program.DeleteXBCSCPFolder(String AppPath)
2025-12-23 11:47:05      Deleted Schedule Task: Trend Micro Apex One Security Services Support Connector
2025-12-23 11:47:05      Deleted Schedule Task: Trend Micro Worry-Free Business Security Services Recovery Pack Tool
2025-12-23 11:47:05      DelSpecificRegKeys foreach met exception: System.ArgumentException: Caratteri non validi nel percorso.
   in System.IO.Path.CheckInvalidPathChars(String path, Boolean checkAdditional)
   in System.IO.Path.GetFileName(String path)
   in CUT.Program.DelSpecificRegKeys()
2025-12-23 11:47:05      Delete plugin reg key. Key Under: {6138A34F-DCA4-48D0-95CC-51E1D8F30B58}, under HKEY_CLASSES_ROOT\CLSID
2025-12-23 11:47:05      Delete 64bit view REG key Operation Failed.Operazione completata.

2025-12-23 11:47:05      HKEY_CLASSES_ROOT\CLSID\{6138A34F-DCA4-48D0-95CC-51E1D8F30B58}
2025-12-23 11:47:06      DelSpecificRegKeys met exception: System.ArgumentException: Caratteri non validi nel percorso.
   in System.IO.Path.CheckInvalidPathChars(String path, Boolean checkAdditional)
   in System.IO.Path.GetFileName(String path)
   in CUT.Program.DelSpecificRegKeys()
2025-12-23 11:47:06      DelSpecificRegKeys met exception: System.NullReferenceException: Riferimento a un oggetto non impostato su un'istanza di oggetto.
   in CUT.Program.DelSpecificRegKeys()
2025-12-23 11:47:06      DelSpecificRegKeys met exception: System.NullReferenceException: Riferimento a un oggetto non impostato su un'istanza di oggetto.
   in CUT.Program.DelSpecificRegKeys()
2025-12-23 11:47:06      agent REG has not been removed completely.

2025-12-23 11:47:07      Finished running MSI clean bat....
2025-12-23 11:47:14      Finished....
2025-12-23 11:47:14      You need to reboot PC once finally!
2025-12-23 11:47:14      removeGuidsForAgent met exception: System.ComponentModel.Win32Exception (0x80004005): Impossibile trovare il file specificato
   in System.Diagnostics.Process.StartWithCreateProcess(ProcessStartInfo startInfo)
   in System.Diagnostics.Process.Start()
   in CUT.Program.removeGuidsForAgent()
2026-01-07 11:46:05      VerifyAccessWithDate 0
2026-01-07 11:46:05      getLicenseDate
2026-01-07 11:46:05      GetNetworkTime 0
2026-01-07 11:46:05      GetNetworkTime 1
2026-01-07 11:46:05      GetNetworkTime 2
2026-01-07 11:46:05      GetNetworkTime 3
2026-01-07 11:46:05      GetNetworkTime 4
2026-01-07 11:46:05      GetNetworkTime:3976771565170
2026-01-07 11:46:05      VerifyAccessWithDate 3
2026-01-07 11:46:05      Current SCUT release package's license verify failed, please contact your Trend Micro supporter if needed.!
2026-01-07 11:53:59      VerifyAccessWithDate 0
2026-01-07 11:53:59      getLicenseDate
2026-01-07 11:53:59      GetNetworkTime 0
2026-01-07 11:53:59      GetNetworkTime 1
2026-01-07 11:53:59      GetNetworkTime 2
2026-01-07 11:53:59      GetNetworkTime 3
2026-01-07 11:53:59      GetNetworkTime 4
2026-01-07 11:53:59      GetNetworkTime:3976772039671
2026-01-07 11:53:59      Temp folder existing, cleanup it first!
2026-01-07 11:53:59      ExtractResourceEXEFilec:\temp\7597ed8d2925998a62a3281e938eaf02\msizap_64x.exe
2026-01-07 11:53:59      ExtractResourceTextFilec:\temp\7597ed8d2925998a62a3281e938eaf02\ms_temp20260107115359_x.bat
2026-01-07 11:53:59      ExtractResourceEXEFilec:\temp\7597ed8d2925998a62a3281e938eaf02\ms_temp20260107115359_x.exe
2026-01-07 11:53:59      ExtractResourceTextFilec:\temp\7597ed8d2925998a62a3281e938eaf02\CmnUnins.ini
2026-01-07 11:53:59      ExtractResourceEXEFilec:\temp\7597ed8d2925998a62a3281e938eaf02\iVP_Clp_64x.exe
2026-01-07 11:53:59      ExtractResourceEXEFilec:\temp\7597ed8d2925998a62a3281e938eaf02\iAC_Clp_64x.exe
2026-01-07 11:53:59      ExtractResourceEXEFilec:\temp\7597ed8d2925998a62a3281e938eaf02\iES_Clp_64x.exe
2026-01-07 11:53:59      ExtractResourceEXEFilec:\temp\7597ed8d2925998a62a3281e938eaf02\TmFixDuplicateKey.exe
2026-01-07 11:53:59      ExtractResourceEXEFilec:\temp\7597ed8d2925998a62a3281e938eaf02\iDLP_Clp.exe
2026-01-07 11:53:59      ExtractResourceEXEFilec:\temp\7597ed8d2925998a62a3281e938eaf02\tmlwfins_64x.exe
2026-01-07 11:53:59      Remove duplicate key!
2026-01-07 11:54:02      this is 64bit OS....
2026-01-07 11:54:02      Running common uninstall tool for agent.....
2026-01-07 11:54:08        ---Finished Step1, Running Step2.....
2026-01-07 11:54:08        ---Finished Step2, Running Step3.....
2026-01-07 11:56:18        ---Finished Step3, Running Step4.....
2026-01-07 11:56:18        ---Finished Step4, Running Step5.....
2026-01-07 11:56:18        ---Finished Step5, Running Step6.....
2026-01-07 11:56:18        ---Finished Step6, Running Step7.....
2026-01-07 11:56:18        ---Finished Step7, Running Step8.....
2026-01-07 11:56:23      Finish to monitor Common Uninstall process, please check ComUnist.log for more details.
2026-01-07 11:56:26      Delete 64bit view REG key Operation Failed.
2026-01-07 11:56:26      HKLM\SOFTWARE\Microsoft\Windows\CurrentVersion\Installer\Folders, C:\Program Files (x86)\Trend Micro\Security Agent\\
2026-01-07 11:56:26      Delete 64bit view REG key Operation Failed.
2026-01-07 11:56:26      HKLM\SOFTWARE\Microsoft\Windows\CurrentVersion\Installer\Folders, C:\Program Files (x86)\Trend Micro\OfficeScan Client\\
2026-01-07 11:56:26      Delete 64bit view REG key Operation Failed.
2026-01-07 11:56:26      HKLM\SOFTWARE\Microsoft\Windows\CurrentVersion\Installer\Folders, C:\ProgramData\Microsoft\Windows\Start Menu\Programs\Trend Micro Worry-Free Business Security Agent\\
2026-01-07 11:56:26      Delete 64bit view REG key Operation Failed.
2026-01-07 11:56:26      HKLM\SOFTWARE\Microsoft\Windows\CurrentVersion\Installer\Folders, C:\ProgramData\Microsoft\Windows\Start Menu\Programs\Trend Micro Security Agent\\
2026-01-07 11:56:26      Finished iVP cleanup....
2026-01-07 11:56:45      Finished TMEAC cleanup....
2026-01-07 11:56:49      Finished iAC cleanup....
2026-01-07 11:56:54      Finished iES cleanup....
2026-01-07 11:56:54      Cleanup iES_Clp_64x.exe, met exception.
2026-01-07 11:56:57      Cleanup iES_Clp_64x.exe, met exception.
2026-01-07 11:57:00      Cleanup iES_Clp_64x.exe, met exception.
2026-01-07 11:57:03      Cleanup iES_Clp_64x.exe, met exception.
2026-01-07 11:57:06      Cleanup iES_Clp_64x.exe, met exception.
2026-01-07 11:57:12      Delete iXX folder, met exception: System.IO.DirectoryNotFoundException: Impossibile trovare una parte del percorso 'C:\Program Files (x86)\Trend Micro\iService\'.
   in System.IO.__Error.WinIOError(Int32 errorCode, String maybeFullPath)
   in System.IO.Directory.Delete(String fullPath, String userPath, Boolean recursive, Boolean checkHost)
   in CUT.Program.RemoveiServiceFolders(String iXXpath, String AppPath)
2026-01-07 11:57:12      Delete AppPath folder, met exception: System.IO.DirectoryNotFoundException: Impossibile trovare una parte del percorso 'C:\Program Files (x86)\Trend Micro\Security Agent\'.
   in System.IO.__Error.WinIOError(Int32 errorCode, String maybeFullPath)
   in System.IO.Directory.Delete(String fullPath, String userPath, Boolean recursive, Boolean checkHost)
   in CUT.Program.RemoveiServiceFolders(String iXXpath, String AppPath)
2026-01-07 11:57:12      Finished iDLP double cleanup....
2026-01-07 11:57:15      Delete C:\Program Files (x86)\Trend Micro\Endpoint Basecamp\EndpointBasecamp.exe Met exception:System.UnauthorizedAccessException: Accesso al percorso 'C:\Program Files (x86)\Trend Micro\Endpoint Basecamp\EndpointBasecamp.exe' negato.
   in System.IO.__Error.WinIOError(Int32 errorCode, String maybeFullPath)
   in System.IO.File.InternalDelete(String path, Boolean checkHost)
   in System.IO.File.Delete(String path)
   in CUT.Program.DirSearch(String dir)
2026-01-07 11:57:15      Delete C:\Program Files (x86)\Trend Micro\Endpoint Basecamp\log\CETASvcDebug.log Met exception:System.IO.IOException: Il processo non può accedere al file 'C:\Program Files (x86)\Trend Micro\Endpoint Basecamp\log\CETASvcDebug.log' perché è in uso da un altro processo.
   in System.IO.__Error.WinIOError(Int32 errorCode, String maybeFullPath)
   in System.IO.File.InternalDelete(String path, Boolean checkHost)
   in System.IO.File.Delete(String path)
   in CUT.Program.DirSearch(String dir)
2026-01-07 11:57:15      Delete C:\Program Files (x86)\Trend Micro\Endpoint Basecamp\log\VOMSvcDebug.log Met exception:System.IO.IOException: Il processo non può accedere al file 'C:\Program Files (x86)\Trend Micro\Endpoint Basecamp\log\VOMSvcDebug.log' perché è in uso da un altro processo.
   in System.IO.__Error.WinIOError(Int32 errorCode, String maybeFullPath)
   in System.IO.File.InternalDelete(String path, Boolean checkHost)
   in System.IO.File.Delete(String path)
   in CUT.Program.DirSearch(String dir)
2026-01-07 11:57:15      Delete C:\Program Files (x86)\Trend Micro\Endpoint Basecamp\modules\vom\dllXbcSdk.dll Met exception:System.UnauthorizedAccessException: Accesso al percorso 'C:\Program Files (x86)\Trend Micro\Endpoint Basecamp\modules\vom\dllXbcSdk.dll' negato.
   in System.IO.__Error.WinIOError(Int32 errorCode, String maybeFullPath)
   in System.IO.File.InternalDelete(String path, Boolean checkHost)
   in System.IO.File.Delete(String path)
   in CUT.Program.DirSearch(String dir)
2026-01-07 11:57:15      Delete C:\Program Files (x86)\Trend Micro\Endpoint Basecamp\modules\vom\VOM.dll Met exception:System.UnauthorizedAccessException: Accesso al percorso 'C:\Program Files (x86)\Trend Micro\Endpoint Basecamp\modules\vom\VOM.dll' negato.
   in System.IO.__Error.WinIOError(Int32 errorCode, String maybeFullPath)
   in System.IO.File.InternalDelete(String path, Boolean checkHost)
   in System.IO.File.Delete(String path)
   in CUT.Program.DirSearch(String dir)
2026-01-07 11:57:15      Delete C:\Program Files (x86)\Trend Micro\Endpoint Basecamp\modules\vom\modules\CeBridgeProxyModule\CeBridgeProxyModule.dll Met exception:System.UnauthorizedAccessException: Accesso al percorso 'C:\Program Files (x86)\Trend Micro\Endpoint Basecamp\modules\vom\modules\CeBridgeProxyModule\CeBridgeProxyModule.dll' negato.
   in System.IO.__Error.WinIOError(Int32 errorCode, String maybeFullPath)
   in System.IO.File.InternalDelete(String path, Boolean checkHost)
   in System.IO.File.Delete(String path)
   in CUT.Program.DirSearch(String dir)
2026-01-07 11:57:15      Delete C:\Program Files (x86)\Trend Micro\Endpoint Basecamp\modules\vom\modules\Ceta\Ceta.dll Met exception:System.UnauthorizedAccessException: Accesso al percorso 'C:\Program Files (x86)\Trend Micro\Endpoint Basecamp\modules\vom\modules\Ceta\Ceta.dll' negato.
   in System.IO.__Error.WinIOError(Int32 errorCode, String maybeFullPath)
   in System.IO.File.InternalDelete(String path, Boolean checkHost)
   in System.IO.File.Delete(String path)
   in CUT.Program.DirSearch(String dir)
2026-01-07 11:57:15      Delete C:\Program Files (x86)\Trend Micro\Endpoint Basecamp\modules\vom\modules\ElamMgmtModule\ElamMgmtModule.dll Met exception:System.UnauthorizedAccessException: Accesso al percorso 'C:\Program Files (x86)\Trend Micro\Endpoint Basecamp\modules\vom\modules\ElamMgmtModule\ElamMgmtModule.dll' negato.
   in System.IO.__Error.WinIOError(Int32 errorCode, String maybeFullPath)
   in System.IO.File.InternalDelete(String path, Boolean checkHost)
   in System.IO.File.Delete(String path)
   in CUT.Program.DirSearch(String dir)
2026-01-07 11:57:15      Delete C:\Program Files (x86)\Trend Micro\Endpoint Basecamp\modules\vom\modules\Mosquitto\libcrypto-3.dll Met exception:System.UnauthorizedAccessException: Accesso al percorso 'C:\Program Files (x86)\Trend Micro\Endpoint Basecamp\modules\vom\modules\Mosquitto\libcrypto-3.dll' negato.
   in System.IO.__Error.WinIOError(Int32 errorCode, String maybeFullPath)
   in System.IO.File.InternalDelete(String path, Boolean checkHost)
   in System.IO.File.Delete(String path)
   in CUT.Program.DirSearch(String dir)
2026-01-07 11:57:15      Delete C:\Program Files (x86)\Trend Micro\Endpoint Basecamp\modules\vom\modules\Mosquitto\libssl-3.dll Met exception:System.UnauthorizedAccessException: Accesso al percorso 'C:\Program Files (x86)\Trend Micro\Endpoint Basecamp\modules\vom\modules\Mosquitto\libssl-3.dll' negato.
   in System.IO.__Error.WinIOError(Int32 errorCode, String maybeFullPath)
   in System.IO.File.InternalDelete(String path, Boolean checkHost)
   in System.IO.File.Delete(String path)
   in CUT.Program.DirSearch(String dir)
2026-01-07 11:57:15      Delete C:\Program Files (x86)\Trend Micro\Endpoint Basecamp\modules\vom\modules\Mosquitto\mosquitto.log Met exception:System.IO.IOException: Il processo non può accedere al file 'C:\Program Files (x86)\Trend Micro\Endpoint Basecamp\modules\vom\modules\Mosquitto\mosquitto.log' perché è in uso da un altro processo.
   in System.IO.__Error.WinIOError(Int32 errorCode, String maybeFullPath)
   in System.IO.File.InternalDelete(String path, Boolean checkHost)
   in System.IO.File.Delete(String path)
   in CUT.Program.DirSearch(String dir)
2026-01-07 11:57:15      Delete C:\Program Files (x86)\Trend Micro\Endpoint Basecamp\modules\vom\modules\Mosquitto\voneauth.dll Met exception:System.UnauthorizedAccessException: Accesso al percorso 'C:\Program Files (x86)\Trend Micro\Endpoint Basecamp\modules\vom\modules\Mosquitto\voneauth.dll' negato.
   in System.IO.__Error.WinIOError(Int32 errorCode, String maybeFullPath)
   in System.IO.File.InternalDelete(String path, Boolean checkHost)
   in System.IO.File.Delete(String path)
   in CUT.Program.DirSearch(String dir)
2026-01-07 11:57:15      Delete C:\Program Files (x86)\Trend Micro\Endpoint Basecamp\modules\vom\modules\Mosquitto\VOneBroker.dll Met exception:System.UnauthorizedAccessException: Accesso al percorso 'C:\Program Files (x86)\Trend Micro\Endpoint Basecamp\modules\vom\modules\Mosquitto\VOneBroker.dll' negato.
   in System.IO.__Error.WinIOError(Int32 errorCode, String maybeFullPath)
   in System.IO.File.InternalDelete(String path, Boolean checkHost)
   in System.IO.File.Delete(String path)
   in CUT.Program.DirSearch(String dir)
2026-01-07 11:57:15      Delete C:\Program Files (x86)\Trend Micro\Endpoint Basecamp\modules\vom\modules\UiBridgeModule\UiBridgeModule.dll Met exception:System.UnauthorizedAccessException: Accesso al percorso 'C:\Program Files (x86)\Trend Micro\Endpoint Basecamp\modules\vom\modules\UiBridgeModule\UiBridgeModule.dll' negato.
   in System.IO.__Error.WinIOError(Int32 errorCode, String maybeFullPath)
   in System.IO.File.InternalDelete(String path, Boolean checkHost)
   in System.IO.File.Delete(String path)
   in CUT.Program.DirSearch(String dir)
2026-01-07 11:57:15      Delete C:\Program Files (x86)\Trend Micro\Endpoint Basecamp\modules\vom\modules\UiBridgeModule\log_db\log_17677804568374548.db Met exception:System.IO.IOException: Il processo non può accedere al file 'C:\Program Files (x86)\Trend Micro\Endpoint Basecamp\modules\vom\modules\UiBridgeModule\log_db\log_17677804568374548.db' perché è in uso da un altro processo.
   in System.IO.__Error.WinIOError(Int32 errorCode, String maybeFullPath)
   in System.IO.File.InternalDelete(String path, Boolean checkHost)
   in System.IO.File.Delete(String path)
   in CUT.Program.DirSearch(String dir)
2026-01-07 11:57:15      Delete C:\Program Files (x86)\Trend Micro\Endpoint Basecamp\modules\vom\modules\UiBridgeModule\VOneAgentConsole\clrjit.dll Met exception:System.UnauthorizedAccessException: Accesso al percorso 'C:\Program Files (x86)\Trend Micro\Endpoint Basecamp\modules\vom\modules\UiBridgeModule\VOneAgentConsole\clrjit.dll' negato.
   in System.IO.__Error.WinIOError(Int32 errorCode, String maybeFullPath)
   in System.IO.File.InternalDelete(String path, Boolean checkHost)
   in System.IO.File.Delete(String path)
   in CUT.Program.DirSearch(String dir)
2026-01-07 11:57:15      Delete C:\Program Files (x86)\Trend Micro\Endpoint Basecamp\modules\vom\modules\UiBridgeModule\VOneAgentConsole\coreclr.dll Met exception:System.UnauthorizedAccessException: Accesso al percorso 'C:\Program Files (x86)\Trend Micro\Endpoint Basecamp\modules\vom\modules\UiBridgeModule\VOneAgentConsole\coreclr.dll' negato.
   in System.IO.__Error.WinIOError(Int32 errorCode, String maybeFullPath)
   in System.IO.File.InternalDelete(String path, Boolean checkHost)
   in System.IO.File.Delete(String path)
   in CUT.Program.DirSearch(String dir)
2026-01-07 11:57:15      Delete C:\Program Files (x86)\Trend Micro\Endpoint Basecamp\modules\vom\modules\UiBridgeModule\VOneAgentConsole\DirectWriteForwarder.dll Met exception:System.UnauthorizedAccessException: Accesso al percorso 'C:\Program Files (x86)\Trend Micro\Endpoint Basecamp\modules\vom\modules\UiBridgeModule\VOneAgentConsole\DirectWriteForwarder.dll' negato.
   in System.IO.__Error.WinIOError(Int32 errorCode, String maybeFullPath)
   in System.IO.File.InternalDelete(String path, Boolean checkHost)
   in System.IO.File.Delete(String path)
   in CUT.Program.DirSearch(String dir)
2026-01-07 11:57:15      Delete C:\Program Files (x86)\Trend Micro\Endpoint Basecamp\modules\vom\modules\UiBridgeModule\VOneAgentConsole\Google.Protobuf.dll Met exception:System.UnauthorizedAccessException: Accesso al percorso 'C:\Program Files (x86)\Trend Micro\Endpoint Basecamp\modules\vom\modules\UiBridgeModule\VOneAgentConsole\Google.Protobuf.dll' negato.
   in System.IO.__Error.WinIOError(Int32 errorCode, String maybeFullPath)
   in System.IO.File.InternalDelete(String path, Boolean checkHost)
   in System.IO.File.Delete(String path)
   in CUT.Program.DirSearch(String dir)
2026-01-07 11:57:15      Delete C:\Program Files (x86)\Trend Micro\Endpoint Basecamp\modules\vom\modules\UiBridgeModule\VOneAgentConsole\hostfxr.dll Met exception:System.UnauthorizedAccessException: Accesso al percorso 'C:\Program Files (x86)\Trend Micro\Endpoint Basecamp\modules\vom\modules\UiBridgeModule\VOneAgentConsole\hostfxr.dll' negato.
   in System.IO.__Error.WinIOError(Int32 errorCode, String maybeFullPath)
   in System.IO.File.InternalDelete(String path, Boolean checkHost)
   in System.IO.File.Delete(String path)
   in CUT.Program.DirSearch(String dir)
2026-01-07 11:57:15      Delete C:\Program Files (x86)\Trend Micro\Endpoint Basecamp\modules\vom\modules\UiBridgeModule\VOneAgentConsole\hostpolicy.dll Met exception:System.UnauthorizedAccessException: Accesso al percorso 'C:\Program Files (x86)\Trend Micro\Endpoint Basecamp\modules\vom\modules\UiBridgeModule\VOneAgentConsole\hostpolicy.dll' negato.
   in System.IO.__Error.WinIOError(Int32 errorCode, String maybeFullPath)
   in System.IO.File.InternalDelete(String path, Boolean checkHost)
   in System.IO.File.Delete(String path)
   in CUT.Program.DirSearch(String dir)
2026-01-07 11:57:15      Delete C:\Program Files (x86)\Trend Micro\Endpoint Basecamp\modules\vom\modules\UiBridgeModule\VOneAgentConsole\log4net.dll Met exception:System.UnauthorizedAccessException: Accesso al percorso 'C:\Program Files (x86)\Trend Micro\Endpoint Basecamp\modules\vom\modules\UiBridgeModule\VOneAgentConsole\log4net.dll' negato.
   in System.IO.__Error.WinIOError(Int32 errorCode, String maybeFullPath)
   in System.IO.File.InternalDelete(String path, Boolean checkHost)
   in System.IO.File.Delete(String path)
   in CUT.Program.DirSearch(String dir)
2026-01-07 11:57:15      Delete C:\Program Files (x86)\Trend Micro\Endpoint Basecamp\modules\vom\modules\UiBridgeModule\VOneAgentConsole\Microsoft.DiaSymReader.Native.x86.dll Met exception:System.UnauthorizedAccessException: Accesso al percorso 'C:\Program Files (x86)\Trend Micro\Endpoint Basecamp\modules\vom\modules\UiBridgeModule\VOneAgentConsole\Microsoft.DiaSymReader.Native.x86.dll' negato.
   in System.IO.__Error.WinIOError(Int32 errorCode, String maybeFullPath)
   in System.IO.File.InternalDelete(String path, Boolean checkHost)
   in System.IO.File.Delete(String path)
   in CUT.Program.DirSearch(String dir)
2026-01-07 11:57:15      Delete C:\Program Files (x86)\Trend Micro\Endpoint Basecamp\modules\vom\modules\UiBridgeModule\VOneAgentConsole\Microsoft.Extensions.Configuration.Abstractions.dll Met exception:System.UnauthorizedAccessException: Accesso al percorso 'C:\Program Files (x86)\Trend Micro\Endpoint Basecamp\modules\vom\modules\UiBridgeModule\VOneAgentConsole\Microsoft.Extensions.Configuration.Abstractions.dll' negato.
   in System.IO.__Error.WinIOError(Int32 errorCode, String maybeFullPath)
   in System.IO.File.InternalDelete(String path, Boolean checkHost)
   in System.IO.File.Delete(String path)
   in CUT.Program.DirSearch(String dir)
2026-01-07 11:57:15      Delete C:\Program Files (x86)\Trend Micro\Endpoint Basecamp\modules\vom\modules\UiBridgeModule\VOneAgentConsole\Microsoft.Extensions.Configuration.Binder.dll Met exception:System.UnauthorizedAccessException: Accesso al percorso 'C:\Program Files (x86)\Trend Micro\Endpoint Basecamp\modules\vom\modules\UiBridgeModule\VOneAgentConsole\Microsoft.Extensions.Configuration.Binder.dll' negato.
   in System.IO.__Error.WinIOError(Int32 errorCode, String maybeFullPath)
   in System.IO.File.InternalDelete(String path, Boolean checkHost)
   in System.IO.File.Delete(String path)
   in CUT.Program.DirSearch(String dir)
2026-01-07 11:57:15      Delete C:\Program Files (x86)\Trend Micro\Endpoint Basecamp\modules\vom\modules\UiBridgeModule\VOneAgentConsole\Microsoft.Extensions.Configuration.CommandLine.dll Met exception:System.UnauthorizedAccessException: Accesso al percorso 'C:\Program Files (x86)\Trend Micro\Endpoint Basecamp\modules\vom\modules\UiBridgeModule\VOneAgentConsole\Microsoft.Extensions.Configuration.CommandLine.dll' negato.
   in System.IO.__Error.WinIOError(Int32 errorCode, String maybeFullPath)
   in System.IO.File.InternalDelete(String path, Boolean checkHost)
   in System.IO.File.Delete(String path)
   in CUT.Program.DirSearch(String dir)
2026-01-07 11:57:15      Delete C:\Program Files (x86)\Trend Micro\Endpoint Basecamp\modules\vom\modules\UiBridgeModule\VOneAgentConsole\Microsoft.Extensions.Configuration.dll Met exception:System.UnauthorizedAccessException: Accesso al percorso 'C:\Program Files (x86)\Trend Micro\Endpoint Basecamp\modules\vom\modules\UiBridgeModule\VOneAgentConsole\Microsoft.Extensions.Configuration.dll' negato.
   in System.IO.__Error.WinIOError(Int32 errorCode, String maybeFullPath)
   in System.IO.File.InternalDelete(String path, Boolean checkHost)
   in System.IO.File.Delete(String path)
   in CUT.Program.DirSearch(String dir)
2026-01-07 11:57:15      Delete C:\Program Files (x86)\Trend Micro\Endpoint Basecamp\modules\vom\modules\UiBridgeModule\VOneAgentConsole\Microsoft.Extensions.Configuration.EnvironmentVariables.dll Met exception:System.UnauthorizedAccessException: Accesso al percorso 'C:\Program Files (x86)\Trend Micro\Endpoint Basecamp\modules\vom\modules\UiBridgeModule\VOneAgentConsole\Microsoft.Extensions.Configuration.EnvironmentVariables.dll' negato.
   in System.IO.__Error.WinIOError(Int32 errorCode, String maybeFullPath)
   in System.IO.File.InternalDelete(String path, Boolean checkHost)
   in System.IO.File.Delete(String path)
   in CUT.Program.DirSearch(String dir)
2026-01-07 11:57:15      Delete C:\Program Files (x86)\Trend Micro\Endpoint Basecamp\modules\vom\modules\UiBridgeModule\VOneAgentConsole\Microsoft.Extensions.Configuration.FileExtensions.dll Met exception:System.UnauthorizedAccessException: Accesso al percorso 'C:\Program Files (x86)\Trend Micro\Endpoint Basecamp\modules\vom\modules\UiBridgeModule\VOneAgentConsole\Microsoft.Extensions.Configuration.FileExtensions.dll' negato.
   in System.IO.__Error.WinIOError(Int32 errorCode, String maybeFullPath)
   in System.IO.File.InternalDelete(String path, Boolean checkHost)
   in System.IO.File.Delete(String path)
   in CUT.Program.DirSearch(String dir)
2026-01-07 11:57:15      Delete C:\Program Files (x86)\Trend Micro\Endpoint Basecamp\modules\vom\modules\UiBridgeModule\VOneAgentConsole\Microsoft.Extensions.Configuration.Json.dll Met exception:System.UnauthorizedAccessException: Accesso al percorso 'C:\Program Files (x86)\Trend Micro\Endpoint Basecamp\modules\vom\modules\UiBridgeModule\VOneAgentConsole\Microsoft.Extensions.Configuration.Json.dll' negato.
   in System.IO.__Error.WinIOError(Int32 errorCode, String maybeFullPath)
   in System.IO.File.InternalDelete(String path, Boolean checkHost)
   in System.IO.File.Delete(String path)
   in CUT.Program.DirSearch(String dir)
2026-01-07 11:57:15      Delete C:\Program Files (x86)\Trend Micro\Endpoint Basecamp\modules\vom\modules\UiBridgeModule\VOneAgentConsole\Microsoft.Extensions.Configuration.UserSecrets.dll Met exception:System.UnauthorizedAccessException: Accesso al percorso 'C:\Program Files (x86)\Trend Micro\Endpoint Basecamp\modules\vom\modules\UiBridgeModule\VOneAgentConsole\Microsoft.Extensions.Configuration.UserSecrets.dll' negato.
   in System.IO.__Error.WinIOError(Int32 errorCode, String maybeFullPath)
   in System.IO.File.InternalDelete(String path, Boolean checkHost)
   in System.IO.File.Delete(String path)
   in CUT.Program.DirSearch(String dir)
2026-01-07 11:57:15      Delete C:\Program Files (x86)\Trend Micro\Endpoint Basecamp\modules\vom\modules\UiBridgeModule\VOneAgentConsole\Microsoft.Extensions.DependencyInjection.Abstractions.dll Met exception:System.UnauthorizedAccessException: Accesso al percorso 'C:\Program Files (x86)\Trend Micro\Endpoint Basecamp\modules\vom\modules\UiBridgeModule\VOneAgentConsole\Microsoft.Extensions.DependencyInjection.Abstractions.dll' negato.
   in System.IO.__Error.WinIOError(Int32 errorCode, String maybeFullPath)
   in System.IO.File.InternalDelete(String path, Boolean checkHost)
   in System.IO.File.Delete(String path)
   in CUT.Program.DirSearch(String dir)
2026-01-07 11:57:15      Delete C:\Program Files (x86)\Trend Micro\Endpoint Basecamp\modules\vom\modules\UiBridgeModule\VOneAgentConsole\Microsoft.Extensions.DependencyInjection.dll Met exception:System.UnauthorizedAccessException: Accesso al percorso 'C:\Program Files (x86)\Trend Micro\Endpoint Basecamp\modules\vom\modules\UiBridgeModule\VOneAgentConsole\Microsoft.Extensions.DependencyInjection.dll' negato.
   in System.IO.__Error.WinIOError(Int32 errorCode, String maybeFullPath)
   in System.IO.File.InternalDelete(String path, Boolean checkHost)
   in System.IO.File.Delete(String path)
   in CUT.Program.DirSearch(String dir)
2026-01-07 11:57:15      Delete C:\Program Files (x86)\Trend Micro\Endpoint Basecamp\modules\vom\modules\UiBridgeModule\VOneAgentConsole\Microsoft.Extensions.Diagnostics.Abstractions.dll Met exception:System.UnauthorizedAccessException: Accesso al percorso 'C:\Program Files (x86)\Trend Micro\Endpoint Basecamp\modules\vom\modules\UiBridgeModule\VOneAgentConsole\Microsoft.Extensions.Diagnostics.Abstractions.dll' negato.
   in System.IO.__Error.WinIOError(Int32 errorCode, String maybeFullPath)
   in System.IO.File.InternalDelete(String path, Boolean checkHost)
   in System.IO.File.Delete(String path)
   in CUT.Program.DirSearch(String dir)
2026-01-07 11:57:15      Delete C:\Program Files (x86)\Trend Micro\Endpoint Basecamp\modules\vom\modules\UiBridgeModule\VOneAgentConsole\Microsoft.Extensions.Diagnostics.dll Met exception:System.UnauthorizedAccessException: Accesso al percorso 'C:\Program Files (x86)\Trend Micro\Endpoint Basecamp\modules\vom\modules\UiBridgeModule\VOneAgentConsole\Microsoft.Extensions.Diagnostics.dll' negato.
   in System.IO.__Error.WinIOError(Int32 errorCode, String maybeFullPath)
   in System.IO.File.InternalDelete(String path, Boolean checkHost)
   in System.IO.File.Delete(String path)
   in CUT.Program.DirSearch(String dir)
2026-01-07 11:57:15      Delete C:\Program Files (x86)\Trend Micro\Endpoint Basecamp\modules\vom\modules\UiBridgeModule\VOneAgentConsole\Microsoft.Extensions.FileProviders.Abstractions.dll Met exception:System.UnauthorizedAccessException: Accesso al percorso 'C:\Program Files (x86)\Trend Micro\Endpoint Basecamp\modules\vom\modules\UiBridgeModule\VOneAgentConsole\Microsoft.Extensions.FileProviders.Abstractions.dll' negato.
   in System.IO.__Error.WinIOError(Int32 errorCode, String maybeFullPath)
   in System.IO.File.InternalDelete(String path, Boolean checkHost)
   in System.IO.File.Delete(String path)
   in CUT.Program.DirSearch(String dir)
2026-01-07 11:57:15      Delete C:\Program Files (x86)\Trend Micro\Endpoint Basecamp\modules\vom\modules\UiBridgeModule\VOneAgentConsole\Microsoft.Extensions.FileProviders.Physical.dll Met exception:System.UnauthorizedAccessException: Accesso al percorso 'C:\Program Files (x86)\Trend Micro\Endpoint Basecamp\modules\vom\modules\UiBridgeModule\VOneAgentConsole\Microsoft.Extensions.FileProviders.Physical.dll' negato.
   in System.IO.__Error.WinIOError(Int32 errorCode, String maybeFullPath)
   in System.IO.File.InternalDelete(String path, Boolean checkHost)
   in System.IO.File.Delete(String path)
   in CUT.Program.DirSearch(String dir)
2026-01-07 11:57:15      Delete C:\Program Files (x86)\Trend Micro\Endpoint Basecamp\modules\vom\modules\UiBridgeModule\VOneAgentConsole\Microsoft.Extensions.FileSystemGlobbing.dll Met exception:System.UnauthorizedAccessException: Accesso al percorso 'C:\Program Files (x86)\Trend Micro\Endpoint Basecamp\modules\vom\modules\UiBridgeModule\VOneAgentConsole\Microsoft.Extensions.FileSystemGlobbing.dll' negato.
   in System.IO.__Error.WinIOError(Int32 errorCode, String maybeFullPath)
   in System.IO.File.InternalDelete(String path, Boolean checkHost)
   in System.IO.File.Delete(String path)
   in CUT.Program.DirSearch(String dir)
2026-01-07 11:57:15      Delete C:\Program Files (x86)\Trend Micro\Endpoint Basecamp\modules\vom\modules\UiBridgeModule\VOneAgentConsole\Microsoft.Extensions.Hosting.Abstractions.dll Met exception:System.UnauthorizedAccessException: Accesso al percorso 'C:\Program Files (x86)\Trend Micro\Endpoint Basecamp\modules\vom\modules\UiBridgeModule\VOneAgentConsole\Microsoft.Extensions.Hosting.Abstractions.dll' negato.
   in System.IO.__Error.WinIOError(Int32 errorCode, String maybeFullPath)
   in System.IO.File.InternalDelete(String path, Boolean checkHost)
   in System.IO.File.Delete(String path)
   in CUT.Program.DirSearch(String dir)
2026-01-07 11:57:15      Delete C:\Program Files (x86)\Trend Micro\Endpoint Basecamp\modules\vom\modules\UiBridgeModule\VOneAgentConsole\Microsoft.Extensions.Hosting.dll Met exception:System.UnauthorizedAccessException: Accesso al percorso 'C:\Program Files (x86)\Trend Micro\Endpoint Basecamp\modules\vom\modules\UiBridgeModule\VOneAgentConsole\Microsoft.Extensions.Hosting.dll' negato.
   in System.IO.__Error.WinIOError(Int32 errorCode, String maybeFullPath)
   in System.IO.File.InternalDelete(String path, Boolean checkHost)
   in System.IO.File.Delete(String path)
   in CUT.Program.DirSearch(String dir)
2026-01-07 11:57:15      Delete C:\Program Files (x86)\Trend Micro\Endpoint Basecamp\modules\vom\modules\UiBridgeModule\VOneAgentConsole\Microsoft.Extensions.Logging.Abstractions.dll Met exception:System.UnauthorizedAccessException: Accesso al percorso 'C:\Program Files (x86)\Trend Micro\Endpoint Basecamp\modules\vom\modules\UiBridgeModule\VOneAgentConsole\Microsoft.Extensions.Logging.Abstractions.dll' negato.
   in System.IO.__Error.WinIOError(Int32 errorCode, String maybeFullPath)
   in System.IO.File.InternalDelete(String path, Boolean checkHost)
   in System.IO.File.Delete(String path)
   in CUT.Program.DirSearch(String dir)
2026-01-07 11:57:15      Delete C:\Program Files (x86)\Trend Micro\Endpoint Basecamp\modules\vom\modules\UiBridgeModule\VOneAgentConsole\Microsoft.Extensions.Logging.Configuration.dll Met exception:System.UnauthorizedAccessException: Accesso al percorso 'C:\Program Files (x86)\Trend Micro\Endpoint Basecamp\modules\vom\modules\UiBridgeModule\VOneAgentConsole\Microsoft.Extensions.Logging.Configuration.dll' negato.
   in System.IO.__Error.WinIOError(Int32 errorCode, String maybeFullPath)
   in System.IO.File.InternalDelete(String path, Boolean checkHost)
   in System.IO.File.Delete(String path)
   in CUT.Program.DirSearch(String dir)
2026-01-07 11:57:15      Delete C:\Program Files (x86)\Trend Micro\Endpoint Basecamp\modules\vom\modules\UiBridgeModule\VOneAgentConsole\Microsoft.Extensions.Logging.Console.dll Met exception:System.UnauthorizedAccessException: Accesso al percorso 'C:\Program Files (x86)\Trend Micro\Endpoint Basecamp\modules\vom\modules\UiBridgeModule\VOneAgentConsole\Microsoft.Extensions.Logging.Console.dll' negato.
   in System.IO.__Error.WinIOError(Int32 errorCode, String maybeFullPath)
   in System.IO.File.InternalDelete(String path, Boolean checkHost)
   in System.IO.File.Delete(String path)
   in CUT.Program.DirSearch(String dir)
2026-01-07 11:57:15      Delete C:\Program Files (x86)\Trend Micro\Endpoint Basecamp\modules\vom\modules\UiBridgeModule\VOneAgentConsole\Microsoft.Extensions.Logging.Debug.dll Met exception:System.UnauthorizedAccessException: Accesso al percorso 'C:\Program Files (x86)\Trend Micro\Endpoint Basecamp\modules\vom\modules\UiBridgeModule\VOneAgentConsole\Microsoft.Extensions.Logging.Debug.dll' negato.
   in System.IO.__Error.WinIOError(Int32 errorCode, String maybeFullPath)
   in System.IO.File.InternalDelete(String path, Boolean checkHost)
   in System.IO.File.Delete(String path)
   in CUT.Program.DirSearch(String dir)
2026-01-07 11:57:15      Delete C:\Program Files (x86)\Trend Micro\Endpoint Basecamp\modules\vom\modules\UiBridgeModule\VOneAgentConsole\Microsoft.Extensions.Logging.dll Met exception:System.UnauthorizedAccessException: Accesso al percorso 'C:\Program Files (x86)\Trend Micro\Endpoint Basecamp\modules\vom\modules\UiBridgeModule\VOneAgentConsole\Microsoft.Extensions.Logging.dll' negato.
   in System.IO.__Error.WinIOError(Int32 errorCode, String maybeFullPath)
   in System.IO.File.InternalDelete(String path, Boolean checkHost)
   in System.IO.File.Delete(String path)
   in CUT.Program.DirSearch(String dir)
2026-01-07 11:57:15      Delete C:\Program Files (x86)\Trend Micro\Endpoint Basecamp\modules\vom\modules\UiBridgeModule\VOneAgentConsole\Microsoft.Extensions.Logging.EventLog.dll Met exception:System.UnauthorizedAccessException: Accesso al percorso 'C:\Program Files (x86)\Trend Micro\Endpoint Basecamp\modules\vom\modules\UiBridgeModule\VOneAgentConsole\Microsoft.Extensions.Logging.EventLog.dll' negato.
   in System.IO.__Error.WinIOError(Int32 errorCode, String maybeFullPath)
   in System.IO.File.InternalDelete(String path, Boolean checkHost)
   in System.IO.File.Delete(String path)
   in CUT.Program.DirSearch(String dir)
2026-01-07 11:57:15      Delete C:\Program Files (x86)\Trend Micro\Endpoint Basecamp\modules\vom\modules\UiBridgeModule\VOneAgentConsole\Microsoft.Extensions.Logging.EventSource.dll Met exception:System.UnauthorizedAccessException: Accesso al percorso 'C:\Program Files (x86)\Trend Micro\Endpoint Basecamp\modules\vom\modules\UiBridgeModule\VOneAgentConsole\Microsoft.Extensions.Logging.EventSource.dll' negato.
   in System.IO.__Error.WinIOError(Int32 errorCode, String maybeFullPath)
   in System.IO.File.InternalDelete(String path, Boolean checkHost)
   in System.IO.File.Delete(String path)
   in CUT.Program.DirSearch(String dir)
2026-01-07 11:57:15      Delete C:\Program Files (x86)\Trend Micro\Endpoint Basecamp\modules\vom\modules\UiBridgeModule\VOneAgentConsole\Microsoft.Extensions.Options.ConfigurationExtensions.dll Met exception:System.UnauthorizedAccessException: Accesso al percorso 'C:\Program Files (x86)\Trend Micro\Endpoint Basecamp\modules\vom\modules\UiBridgeModule\VOneAgentConsole\Microsoft.Extensions.Options.ConfigurationExtensions.dll' negato.
   in System.IO.__Error.WinIOError(Int32 errorCode, String maybeFullPath)
   in System.IO.File.InternalDelete(String path, Boolean checkHost)
   in System.IO.File.Delete(String path)
   in CUT.Program.DirSearch(String dir)
2026-01-07 11:57:15      Delete C:\Program Files (x86)\Trend Micro\Endpoint Basecamp\modules\vom\modules\UiBridgeModule\VOneAgentConsole\Microsoft.Extensions.Options.dll Met exception:System.UnauthorizedAccessException: Accesso al percorso 'C:\Program Files (x86)\Trend Micro\Endpoint Basecamp\modules\vom\modules\UiBridgeModule\VOneAgentConsole\Microsoft.Extensions.Options.dll' negato.
   in System.IO.__Error.WinIOError(Int32 errorCode, String maybeFullPath)
   in System.IO.File.InternalDelete(String path, Boolean checkHost)
   in System.IO.File.Delete(String path)
   in CUT.Program.DirSearch(String dir)
2026-01-07 11:57:15      Delete C:\Program Files (x86)\Trend Micro\Endpoint Basecamp\modules\vom\modules\UiBridgeModule\VOneAgentConsole\Microsoft.Extensions.Primitives.dll Met exception:System.UnauthorizedAccessException: Accesso al percorso 'C:\Program Files (x86)\Trend Micro\Endpoint Basecamp\modules\vom\modules\UiBridgeModule\VOneAgentConsole\Microsoft.Extensions.Primitives.dll' negato.
   in System.IO.__Error.WinIOError(Int32 errorCode, String maybeFullPath)
   in System.IO.File.InternalDelete(String path, Boolean checkHost)
   in System.IO.File.Delete(String path)
   in CUT.Program.DirSearch(String dir)
2026-01-07 11:57:15      Delete C:\Program Files (x86)\Trend Micro\Endpoint Basecamp\modules\vom\modules\UiBridgeModule\VOneAgentConsole\Microsoft.Win32.Primitives.dll Met exception:System.UnauthorizedAccessException: Accesso al percorso 'C:\Program Files (x86)\Trend Micro\Endpoint Basecamp\modules\vom\modules\UiBridgeModule\VOneAgentConsole\Microsoft.Win32.Primitives.dll' negato.
   in System.IO.__Error.WinIOError(Int32 errorCode, String maybeFullPath)
   in System.IO.File.InternalDelete(String path, Boolean checkHost)
   in System.IO.File.Delete(String path)
   in CUT.Program.DirSearch(String dir)
2026-01-07 11:57:15      Delete C:\Program Files (x86)\Trend Micro\Endpoint Basecamp\modules\vom\modules\UiBridgeModule\VOneAgentConsole\Microsoft.Win32.Registry.dll Met exception:System.UnauthorizedAccessException: Accesso al percorso 'C:\Program Files (x86)\Trend Micro\Endpoint Basecamp\modules\vom\modules\UiBridgeModule\VOneAgentConsole\Microsoft.Win32.Registry.dll' negato.
   in System.IO.__Error.WinIOError(Int32 errorCode, String maybeFullPath)
   in System.IO.File.InternalDelete(String path, Boolean checkHost)
   in System.IO.File.Delete(String path)
   in CUT.Program.DirSearch(String dir)
2026-01-07 11:57:15      Delete C:\Program Files (x86)\Trend Micro\Endpoint Basecamp\modules\vom\modules\UiBridgeModule\VOneAgentConsole\netstandard.dll Met exception:System.UnauthorizedAccessException: Accesso al percorso 'C:\Program Files (x86)\Trend Micro\Endpoint Basecamp\modules\vom\modules\UiBridgeModule\VOneAgentConsole\netstandard.dll' negato.
   in System.IO.__Error.WinIOError(Int32 errorCode, String maybeFullPath)
   in System.IO.File.InternalDelete(String path, Boolean checkHost)
   in System.IO.File.Delete(String path)
   in CUT.Program.DirSearch(String dir)
2026-01-07 11:57:15      Delete C:\Program Files (x86)\Trend Micro\Endpoint Basecamp\modules\vom\modules\UiBridgeModule\VOneAgentConsole\PresentationCore.dll Met exception:System.UnauthorizedAccessException: Accesso al percorso 'C:\Program Files (x86)\Trend Micro\Endpoint Basecamp\modules\vom\modules\UiBridgeModule\VOneAgentConsole\PresentationCore.dll' negato.
   in System.IO.__Error.WinIOError(Int32 errorCode, String maybeFullPath)
   in System.IO.File.InternalDelete(String path, Boolean checkHost)
   in System.IO.File.Delete(String path)
   in CUT.Program.DirSearch(String dir)
2026-01-07 11:57:15      Delete C:\Program Files (x86)\Trend Micro\Endpoint Basecamp\modules\vom\modules\UiBridgeModule\VOneAgentConsole\PresentationFramework.Aero2.dll Met exception:System.UnauthorizedAccessException: Accesso al percorso 'C:\Program Files (x86)\Trend Micro\Endpoint Basecamp\modules\vom\modules\UiBridgeModule\VOneAgentConsole\PresentationFramework.Aero2.dll' negato.
   in System.IO.__Error.WinIOError(Int32 errorCode, String maybeFullPath)
   in System.IO.File.InternalDelete(String path, Boolean checkHost)
   in System.IO.File.Delete(String path)
   in CUT.Program.DirSearch(String dir)
2026-01-07 11:57:15      Delete C:\Program Files (x86)\Trend Micro\Endpoint Basecamp\modules\vom\modules\UiBridgeModule\VOneAgentConsole\PresentationFramework.dll Met exception:System.UnauthorizedAccessException: Accesso al percorso 'C:\Program Files (x86)\Trend Micro\Endpoint Basecamp\modules\vom\modules\UiBridgeModule\VOneAgentConsole\PresentationFramework.dll' negato.
   in System.IO.__Error.WinIOError(Int32 errorCode, String maybeFullPath)
   in System.IO.File.InternalDelete(String path, Boolean checkHost)
   in System.IO.File.Delete(String path)
   in CUT.Program.DirSearch(String dir)
2026-01-07 11:57:15      Delete C:\Program Files (x86)\Trend Micro\Endpoint Basecamp\modules\vom\modules\UiBridgeModule\VOneAgentConsole\PresentationNative_cor3.dll Met exception:System.UnauthorizedAccessException: Accesso al percorso 'C:\Program Files (x86)\Trend Micro\Endpoint Basecamp\modules\vom\modules\UiBridgeModule\VOneAgentConsole\PresentationNative_cor3.dll' negato.
   in System.IO.__Error.WinIOError(Int32 errorCode, String maybeFullPath)
   in System.IO.File.InternalDelete(String path, Boolean checkHost)
   in System.IO.File.Delete(String path)
   in CUT.Program.DirSearch(String dir)
2026-01-07 11:57:15      Delete C:\Program Files (x86)\Trend Micro\Endpoint Basecamp\modules\vom\modules\UiBridgeModule\VOneAgentConsole\System.Collections.Concurrent.dll Met exception:System.UnauthorizedAccessException: Accesso al percorso 'C:\Program Files (x86)\Trend Micro\Endpoint Basecamp\modules\vom\modules\UiBridgeModule\VOneAgentConsole\System.Collections.Concurrent.dll' negato.
   in System.IO.__Error.WinIOError(Int32 errorCode, String maybeFullPath)
   in System.IO.File.InternalDelete(String path, Boolean checkHost)
   in System.IO.File.Delete(String path)
   in CUT.Program.DirSearch(String dir)
2026-01-07 11:57:15      Delete C:\Program Files (x86)\Trend Micro\Endpoint Basecamp\modules\vom\modules\UiBridgeModule\VOneAgentConsole\System.Collections.dll Met exception:System.UnauthorizedAccessException: Accesso al percorso 'C:\Program Files (x86)\Trend Micro\Endpoint Basecamp\modules\vom\modules\UiBridgeModule\VOneAgentConsole\System.Collections.dll' negato.
   in System.IO.__Error.WinIOError(Int32 errorCode, String maybeFullPath)
   in System.IO.File.InternalDelete(String path, Boolean checkHost)
   in System.IO.File.Delete(String path)
   in CUT.Program.DirSearch(String dir)
2026-01-07 11:57:15      Delete C:\Program Files (x86)\Trend Micro\Endpoint Basecamp\modules\vom\modules\UiBridgeModule\VOneAgentConsole\System.Collections.Immutable.dll Met exception:System.UnauthorizedAccessException: Accesso al percorso 'C:\Program Files (x86)\Trend Micro\Endpoint Basecamp\modules\vom\modules\UiBridgeModule\VOneAgentConsole\System.Collections.Immutable.dll' negato.
   in System.IO.__Error.WinIOError(Int32 errorCode, String maybeFullPath)
   in System.IO.File.InternalDelete(String path, Boolean checkHost)
   in System.IO.File.Delete(String path)
   in CUT.Program.DirSearch(String dir)
2026-01-07 11:57:15      Delete C:\Program Files (x86)\Trend Micro\Endpoint Basecamp\modules\vom\modules\UiBridgeModule\VOneAgentConsole\System.Collections.NonGeneric.dll Met exception:System.UnauthorizedAccessException: Accesso al percorso 'C:\Program Files (x86)\Trend Micro\Endpoint Basecamp\modules\vom\modules\UiBridgeModule\VOneAgentConsole\System.Collections.NonGeneric.dll' negato.
   in System.IO.__Error.WinIOError(Int32 errorCode, String maybeFullPath)
   in System.IO.File.InternalDelete(String path, Boolean checkHost)
   in System.IO.File.Delete(String path)
   in CUT.Program.DirSearch(String dir)
2026-01-07 11:57:15      Delete C:\Program Files (x86)\Trend Micro\Endpoint Basecamp\modules\vom\modules\UiBridgeModule\VOneAgentConsole\System.Collections.Specialized.dll Met exception:System.UnauthorizedAccessException: Accesso al percorso 'C:\Program Files (x86)\Trend Micro\Endpoint Basecamp\modules\vom\modules\UiBridgeModule\VOneAgentConsole\System.Collections.Specialized.dll' negato.
   in System.IO.__Error.WinIOError(Int32 errorCode, String maybeFullPath)
   in System.IO.File.InternalDelete(String path, Boolean checkHost)
   in System.IO.File.Delete(String path)
   in CUT.Program.DirSearch(String dir)
2026-01-07 11:57:15      Delete C:\Program Files (x86)\Trend Micro\Endpoint Basecamp\modules\vom\modules\UiBridgeModule\VOneAgentConsole\System.ComponentModel.dll Met exception:System.UnauthorizedAccessException: Accesso al percorso 'C:\Program Files (x86)\Trend Micro\Endpoint Basecamp\modules\vom\modules\UiBridgeModule\VOneAgentConsole\System.ComponentModel.dll' negato.
   in System.IO.__Error.WinIOError(Int32 errorCode, String maybeFullPath)
   in System.IO.File.InternalDelete(String path, Boolean checkHost)
   in System.IO.File.Delete(String path)
   in CUT.Program.DirSearch(String dir)
2026-01-07 11:57:15      Delete C:\Program Files (x86)\Trend Micro\Endpoint Basecamp\modules\vom\modules\UiBridgeModule\VOneAgentConsole\System.ComponentModel.Primitives.dll Met exception:System.UnauthorizedAccessException: Accesso al percorso 'C:\Program Files (x86)\Trend Micro\Endpoint Basecamp\modules\vom\modules\UiBridgeModule\VOneAgentConsole\System.ComponentModel.Primitives.dll' negato.
   in System.IO.__Error.WinIOError(Int32 errorCode, String maybeFullPath)
   in System.IO.File.InternalDelete(String path, Boolean checkHost)
   in System.IO.File.Delete(String path)
   in CUT.Program.DirSearch(String dir)
2026-01-07 11:57:15      Delete C:\Program Files (x86)\Trend Micro\Endpoint Basecamp\modules\vom\modules\UiBridgeModule\VOneAgentConsole\System.ComponentModel.TypeConverter.dll Met exception:System.UnauthorizedAccessException: Accesso al percorso 'C:\Program Files (x86)\Trend Micro\Endpoint Basecamp\modules\vom\modules\UiBridgeModule\VOneAgentConsole\System.ComponentModel.TypeConverter.dll' negato.
   in System.IO.__Error.WinIOError(Int32 errorCode, String maybeFullPath)
   in System.IO.File.InternalDelete(String path, Boolean checkHost)
   in System.IO.File.Delete(String path)
   in CUT.Program.DirSearch(String dir)
2026-01-07 11:57:15      Delete C:\Program Files (x86)\Trend Micro\Endpoint Basecamp\modules\vom\modules\UiBridgeModule\VOneAgentConsole\System.Configuration.ConfigurationManager.dll Met exception:System.UnauthorizedAccessException: Accesso al percorso 'C:\Program Files (x86)\Trend Micro\Endpoint Basecamp\modules\vom\modules\UiBridgeModule\VOneAgentConsole\System.Configuration.ConfigurationManager.dll' negato.
   in System.IO.__Error.WinIOError(Int32 errorCode, String maybeFullPath)
   in System.IO.File.InternalDelete(String path, Boolean checkHost)
   in System.IO.File.Delete(String path)
   in CUT.Program.DirSearch(String dir)
2026-01-07 11:57:15      Delete C:\Program Files (x86)\Trend Micro\Endpoint Basecamp\modules\vom\modules\UiBridgeModule\VOneAgentConsole\System.Console.dll Met exception:System.UnauthorizedAccessException: Accesso al percorso 'C:\Program Files (x86)\Trend Micro\Endpoint Basecamp\modules\vom\modules\UiBridgeModule\VOneAgentConsole\System.Console.dll' negato.
   in System.IO.__Error.WinIOError(Int32 errorCode, String maybeFullPath)
   in System.IO.File.InternalDelete(String path, Boolean checkHost)
   in System.IO.File.Delete(String path)
   in CUT.Program.DirSearch(String dir)
2026-01-07 11:57:15      Delete C:\Program Files (x86)\Trend Micro\Endpoint Basecamp\modules\vom\modules\UiBridgeModule\VOneAgentConsole\System.Diagnostics.Debug.dll Met exception:System.UnauthorizedAccessException: Accesso al percorso 'C:\Program Files (x86)\Trend Micro\Endpoint Basecamp\modules\vom\modules\UiBridgeModule\VOneAgentConsole\System.Diagnostics.Debug.dll' negato.
   in System.IO.__Error.WinIOError(Int32 errorCode, String maybeFullPath)
   in System.IO.File.InternalDelete(String path, Boolean checkHost)
   in System.IO.File.Delete(String path)
   in CUT.Program.DirSearch(String dir)
2026-01-07 11:57:15      Delete C:\Program Files (x86)\Trend Micro\Endpoint Basecamp\modules\vom\modules\UiBridgeModule\VOneAgentConsole\System.Diagnostics.DiagnosticSource.dll Met exception:System.UnauthorizedAccessException: Accesso al percorso 'C:\Program Files (x86)\Trend Micro\Endpoint Basecamp\modules\vom\modules\UiBridgeModule\VOneAgentConsole\System.Diagnostics.DiagnosticSource.dll' negato.
   in System.IO.__Error.WinIOError(Int32 errorCode, String maybeFullPath)
   in System.IO.File.InternalDelete(String path, Boolean checkHost)
   in System.IO.File.Delete(String path)
   in CUT.Program.DirSearch(String dir)
2026-01-07 11:57:15      Delete C:\Program Files (x86)\Trend Micro\Endpoint Basecamp\modules\vom\modules\UiBridgeModule\VOneAgentConsole\System.Diagnostics.EventLog.dll Met exception:System.UnauthorizedAccessException: Accesso al percorso 'C:\Program Files (x86)\Trend Micro\Endpoint Basecamp\modules\vom\modules\UiBridgeModule\VOneAgentConsole\System.Diagnostics.EventLog.dll' negato.
   in System.IO.__Error.WinIOError(Int32 errorCode, String maybeFullPath)
   in System.IO.File.InternalDelete(String path, Boolean checkHost)
   in System.IO.File.Delete(String path)
   in CUT.Program.DirSearch(String dir)
2026-01-07 11:57:15      Delete C:\Program Files (x86)\Trend Micro\Endpoint Basecamp\modules\vom\modules\UiBridgeModule\VOneAgentConsole\System.Diagnostics.Process.dll Met exception:System.UnauthorizedAccessException: Accesso al percorso 'C:\Program Files (x86)\Trend Micro\Endpoint Basecamp\modules\vom\modules\UiBridgeModule\VOneAgentConsole\System.Diagnostics.Process.dll' negato.
   in System.IO.__Error.WinIOError(Int32 errorCode, String maybeFullPath)
   in System.IO.File.InternalDelete(String path, Boolean checkHost)
   in System.IO.File.Delete(String path)
   in CUT.Program.DirSearch(String dir)
2026-01-07 11:57:15      Delete C:\Program Files (x86)\Trend Micro\Endpoint Basecamp\modules\vom\modules\UiBridgeModule\VOneAgentConsole\System.Diagnostics.StackTrace.dll Met exception:System.UnauthorizedAccessException: Accesso al percorso 'C:\Program Files (x86)\Trend Micro\Endpoint Basecamp\modules\vom\modules\UiBridgeModule\VOneAgentConsole\System.Diagnostics.StackTrace.dll' negato.
   in System.IO.__Error.WinIOError(Int32 errorCode, String maybeFullPath)
   in System.IO.File.InternalDelete(String path, Boolean checkHost)
   in System.IO.File.Delete(String path)
   in CUT.Program.DirSearch(String dir)
2026-01-07 11:57:15      Delete C:\Program Files (x86)\Trend Micro\Endpoint Basecamp\modules\vom\modules\UiBridgeModule\VOneAgentConsole\System.Diagnostics.TraceSource.dll Met exception:System.UnauthorizedAccessException: Accesso al percorso 'C:\Program Files (x86)\Trend Micro\Endpoint Basecamp\modules\vom\modules\UiBridgeModule\VOneAgentConsole\System.Diagnostics.TraceSource.dll' negato.
   in System.IO.__Error.WinIOError(Int32 errorCode, String maybeFullPath)
   in System.IO.File.InternalDelete(String path, Boolean checkHost)
   in System.IO.File.Delete(String path)
   in CUT.Program.DirSearch(String dir)
2026-01-07 11:57:15      Delete C:\Program Files (x86)\Trend Micro\Endpoint Basecamp\modules\vom\modules\UiBridgeModule\VOneAgentConsole\System.Diagnostics.Tracing.dll Met exception:System.UnauthorizedAccessException: Accesso al percorso 'C:\Program Files (x86)\Trend Micro\Endpoint Basecamp\modules\vom\modules\UiBridgeModule\VOneAgentConsole\System.Diagnostics.Tracing.dll' negato.
   in System.IO.__Error.WinIOError(Int32 errorCode, String maybeFullPath)
   in System.IO.File.InternalDelete(String path, Boolean checkHost)
   in System.IO.File.Delete(String path)
   in CUT.Program.DirSearch(String dir)
2026-01-07 11:57:15      Delete C:\Program Files (x86)\Trend Micro\Endpoint Basecamp\modules\vom\modules\UiBridgeModule\VOneAgentConsole\System.Drawing.Common.dll Met exception:System.UnauthorizedAccessException: Accesso al percorso 'C:\Program Files (x86)\Trend Micro\Endpoint Basecamp\modules\vom\modules\UiBridgeModule\VOneAgentConsole\System.Drawing.Common.dll' negato.
   in System.IO.__Error.WinIOError(Int32 errorCode, String maybeFullPath)
   in System.IO.File.InternalDelete(String path, Boolean checkHost)
   in System.IO.File.Delete(String path)
   in CUT.Program.DirSearch(String dir)
2026-01-07 11:57:15      Delete C:\Program Files (x86)\Trend Micro\Endpoint Basecamp\modules\vom\modules\UiBridgeModule\VOneAgentConsole\System.Drawing.Primitives.dll Met exception:System.UnauthorizedAccessException: Accesso al percorso 'C:\Program Files (x86)\Trend Micro\Endpoint Basecamp\modules\vom\modules\UiBridgeModule\VOneAgentConsole\System.Drawing.Primitives.dll' negato.
   in System.IO.__Error.WinIOError(Int32 errorCode, String maybeFullPath)
   in System.IO.File.InternalDelete(String path, Boolean checkHost)
   in System.IO.File.Delete(String path)
   in CUT.Program.DirSearch(String dir)
2026-01-07 11:57:15      Delete C:\Program Files (x86)\Trend Micro\Endpoint Basecamp\modules\vom\modules\UiBridgeModule\VOneAgentConsole\System.IO.FileSystem.Watcher.dll Met exception:System.UnauthorizedAccessException: Accesso al percorso 'C:\Program Files (x86)\Trend Micro\Endpoint Basecamp\modules\vom\modules\UiBridgeModule\VOneAgentConsole\System.IO.FileSystem.Watcher.dll' negato.
   in System.IO.__Error.WinIOError(Int32 errorCode, String maybeFullPath)
   in System.IO.File.InternalDelete(String path, Boolean checkHost)
   in System.IO.File.Delete(String path)
   in CUT.Program.DirSearch(String dir)
2026-01-07 11:57:15      Delete C:\Program Files (x86)\Trend Micro\Endpoint Basecamp\modules\vom\modules\UiBridgeModule\VOneAgentConsole\System.IO.MemoryMappedFiles.dll Met exception:System.UnauthorizedAccessException: Accesso al percorso 'C:\Program Files (x86)\Trend Micro\Endpoint Basecamp\modules\vom\modules\UiBridgeModule\VOneAgentConsole\System.IO.MemoryMappedFiles.dll' negato.
   in System.IO.__Error.WinIOError(Int32 errorCode, String maybeFullPath)
   in System.IO.File.InternalDelete(String path, Boolean checkHost)
   in System.IO.File.Delete(String path)
   in CUT.Program.DirSearch(String dir)
2026-01-07 11:57:15      Delete C:\Program Files (x86)\Trend Micro\Endpoint Basecamp\modules\vom\modules\UiBridgeModule\VOneAgentConsole\System.IO.Packaging.dll Met exception:System.UnauthorizedAccessException: Accesso al percorso 'C:\Program Files (x86)\Trend Micro\Endpoint Basecamp\modules\vom\modules\UiBridgeModule\VOneAgentConsole\System.IO.Packaging.dll' negato.
   in System.IO.__Error.WinIOError(Int32 errorCode, String maybeFullPath)
   in System.IO.File.InternalDelete(String path, Boolean checkHost)
   in System.IO.File.Delete(String path)
   in CUT.Program.DirSearch(String dir)
2026-01-07 11:57:15      Delete C:\Program Files (x86)\Trend Micro\Endpoint Basecamp\modules\vom\modules\UiBridgeModule\VOneAgentConsole\System.IO.Pipes.dll Met exception:System.UnauthorizedAccessException: Accesso al percorso 'C:\Program Files (x86)\Trend Micro\Endpoint Basecamp\modules\vom\modules\UiBridgeModule\VOneAgentConsole\System.IO.Pipes.dll' negato.
   in System.IO.__Error.WinIOError(Int32 errorCode, String maybeFullPath)
   in System.IO.File.InternalDelete(String path, Boolean checkHost)
   in System.IO.File.Delete(String path)
   in CUT.Program.DirSearch(String dir)
2026-01-07 11:57:15      Delete C:\Program Files (x86)\Trend Micro\Endpoint Basecamp\modules\vom\modules\UiBridgeModule\VOneAgentConsole\System.Linq.dll Met exception:System.UnauthorizedAccessException: Accesso al percorso 'C:\Program Files (x86)\Trend Micro\Endpoint Basecamp\modules\vom\modules\UiBridgeModule\VOneAgentConsole\System.Linq.dll' negato.
   in System.IO.__Error.WinIOError(Int32 errorCode, String maybeFullPath)
   in System.IO.File.InternalDelete(String path, Boolean checkHost)
   in System.IO.File.Delete(String path)
   in CUT.Program.DirSearch(String dir)
2026-01-07 11:57:15      Delete C:\Program Files (x86)\Trend Micro\Endpoint Basecamp\modules\vom\modules\UiBridgeModule\VOneAgentConsole\System.Memory.dll Met exception:System.UnauthorizedAccessException: Accesso al percorso 'C:\Program Files (x86)\Trend Micro\Endpoint Basecamp\modules\vom\modules\UiBridgeModule\VOneAgentConsole\System.Memory.dll' negato.
   in System.IO.__Error.WinIOError(Int32 errorCode, String maybeFullPath)
   in System.IO.File.InternalDelete(String path, Boolean checkHost)
   in System.IO.File.Delete(String path)
   in CUT.Program.DirSearch(String dir)
2026-01-07 11:57:15      Delete C:\Program Files (x86)\Trend Micro\Endpoint Basecamp\modules\vom\modules\UiBridgeModule\VOneAgentConsole\System.Net.NameResolution.dll Met exception:System.UnauthorizedAccessException: Accesso al percorso 'C:\Program Files (x86)\Trend Micro\Endpoint Basecamp\modules\vom\modules\UiBridgeModule\VOneAgentConsole\System.Net.NameResolution.dll' negato.
   in System.IO.__Error.WinIOError(Int32 errorCode, String maybeFullPath)
   in System.IO.File.InternalDelete(String path, Boolean checkHost)
   in System.IO.File.Delete(String path)
   in CUT.Program.DirSearch(String dir)
2026-01-07 11:57:15      Delete C:\Program Files (x86)\Trend Micro\Endpoint Basecamp\modules\vom\modules\UiBridgeModule\VOneAgentConsole\System.Net.Primitives.dll Met exception:System.UnauthorizedAccessException: Accesso al percorso 'C:\Program Files (x86)\Trend Micro\Endpoint Basecamp\modules\vom\modules\UiBridgeModule\VOneAgentConsole\System.Net.Primitives.dll' negato.
   in System.IO.__Error.WinIOError(Int32 errorCode, String maybeFullPath)
   in System.IO.File.InternalDelete(String path, Boolean checkHost)
   in System.IO.File.Delete(String path)
   in CUT.Program.DirSearch(String dir)
2026-01-07 11:57:15      Delete C:\Program Files (x86)\Trend Micro\Endpoint Basecamp\modules\vom\modules\UiBridgeModule\VOneAgentConsole\System.Net.Requests.dll Met exception:System.UnauthorizedAccessException: Accesso al percorso 'C:\Program Files (x86)\Trend Micro\Endpoint Basecamp\modules\vom\modules\UiBridgeModule\VOneAgentConsole\System.Net.Requests.dll' negato.
   in System.IO.__Error.WinIOError(Int32 errorCode, String maybeFullPath)
   in System.IO.File.InternalDelete(String path, Boolean checkHost)
   in System.IO.File.Delete(String path)
   in CUT.Program.DirSearch(String dir)
2026-01-07 11:57:15      Delete C:\Program Files (x86)\Trend Micro\Endpoint Basecamp\modules\vom\modules\UiBridgeModule\VOneAgentConsole\System.Net.WebClient.dll Met exception:System.UnauthorizedAccessException: Accesso al percorso 'C:\Program Files (x86)\Trend Micro\Endpoint Basecamp\modules\vom\modules\UiBridgeModule\VOneAgentConsole\System.Net.WebClient.dll' negato.
   in System.IO.__Error.WinIOError(Int32 errorCode, String maybeFullPath)
   in System.IO.File.InternalDelete(String path, Boolean checkHost)
   in System.IO.File.Delete(String path)
   in CUT.Program.DirSearch(String dir)
2026-01-07 11:57:15      Delete C:\Program Files (x86)\Trend Micro\Endpoint Basecamp\modules\vom\modules\UiBridgeModule\VOneAgentConsole\System.Net.WebHeaderCollection.dll Met exception:System.UnauthorizedAccessException: Accesso al percorso 'C:\Program Files (x86)\Trend Micro\Endpoint Basecamp\modules\vom\modules\UiBridgeModule\VOneAgentConsole\System.Net.WebHeaderCollection.dll' negato.
   in System.IO.__Error.WinIOError(Int32 errorCode, String maybeFullPath)
   in System.IO.File.InternalDelete(String path, Boolean checkHost)
   in System.IO.File.Delete(String path)
   in CUT.Program.DirSearch(String dir)
2026-01-07 11:57:15      Delete C:\Program Files (x86)\Trend Micro\Endpoint Basecamp\modules\vom\modules\UiBridgeModule\VOneAgentConsole\System.ObjectModel.dll Met exception:System.UnauthorizedAccessException: Accesso al percorso 'C:\Program Files (x86)\Trend Micro\Endpoint Basecamp\modules\vom\modules\UiBridgeModule\VOneAgentConsole\System.ObjectModel.dll' negato.
   in System.IO.__Error.WinIOError(Int32 errorCode, String maybeFullPath)
   in System.IO.File.InternalDelete(String path, Boolean checkHost)
   in System.IO.File.Delete(String path)
   in CUT.Program.DirSearch(String dir)
2026-01-07 11:57:15      Delete C:\Program Files (x86)\Trend Micro\Endpoint Basecamp\modules\vom\modules\UiBridgeModule\VOneAgentConsole\System.Private.CoreLib.dll Met exception:System.UnauthorizedAccessException: Accesso al percorso 'C:\Program Files (x86)\Trend Micro\Endpoint Basecamp\modules\vom\modules\UiBridgeModule\VOneAgentConsole\System.Private.CoreLib.dll' negato.
   in System.IO.__Error.WinIOError(Int32 errorCode, String maybeFullPath)
   in System.IO.File.InternalDelete(String path, Boolean checkHost)
   in System.IO.File.Delete(String path)
   in CUT.Program.DirSearch(String dir)
2026-01-07 11:57:15      Delete C:\Program Files (x86)\Trend Micro\Endpoint Basecamp\modules\vom\modules\UiBridgeModule\VOneAgentConsole\System.Private.Uri.dll Met exception:System.UnauthorizedAccessException: Accesso al percorso 'C:\Program Files (x86)\Trend Micro\Endpoint Basecamp\modules\vom\modules\UiBridgeModule\VOneAgentConsole\System.Private.Uri.dll' negato.
   in System.IO.__Error.WinIOError(Int32 errorCode, String maybeFullPath)
   in System.IO.File.InternalDelete(String path, Boolean checkHost)
   in System.IO.File.Delete(String path)
   in CUT.Program.DirSearch(String dir)
2026-01-07 11:57:15      Delete C:\Program Files (x86)\Trend Micro\Endpoint Basecamp\modules\vom\modules\UiBridgeModule\VOneAgentConsole\System.Private.Xml.dll Met exception:System.UnauthorizedAccessException: Accesso al percorso 'C:\Program Files (x86)\Trend Micro\Endpoint Basecamp\modules\vom\modules\UiBridgeModule\VOneAgentConsole\System.Private.Xml.dll' negato.
   in System.IO.__Error.WinIOError(Int32 errorCode, String maybeFullPath)
   in System.IO.File.InternalDelete(String path, Boolean checkHost)
   in System.IO.File.Delete(String path)
   in CUT.Program.DirSearch(String dir)
2026-01-07 11:57:15      Delete C:\Program Files (x86)\Trend Micro\Endpoint Basecamp\modules\vom\modules\UiBridgeModule\VOneAgentConsole\System.Reflection.Metadata.dll Met exception:System.UnauthorizedAccessException: Accesso al percorso 'C:\Program Files (x86)\Trend Micro\Endpoint Basecamp\modules\vom\modules\UiBridgeModule\VOneAgentConsole\System.Reflection.Metadata.dll' negato.
   in System.IO.__Error.WinIOError(Int32 errorCode, String maybeFullPath)
   in System.IO.File.InternalDelete(String path, Boolean checkHost)
   in System.IO.File.Delete(String path)
   in CUT.Program.DirSearch(String dir)
2026-01-07 11:57:15      Delete C:\Program Files (x86)\Trend Micro\Endpoint Basecamp\modules\vom\modules\UiBridgeModule\VOneAgentConsole\System.Runtime.CompilerServices.VisualC.dll Met exception:System.UnauthorizedAccessException: Accesso al percorso 'C:\Program Files (x86)\Trend Micro\Endpoint Basecamp\modules\vom\modules\UiBridgeModule\VOneAgentConsole\System.Runtime.CompilerServices.VisualC.dll' negato.
   in System.IO.__Error.WinIOError(Int32 errorCode, String maybeFullPath)
   in System.IO.File.InternalDelete(String path, Boolean checkHost)
   in System.IO.File.Delete(String path)
   in CUT.Program.DirSearch(String dir)
2026-01-07 11:57:15      Delete C:\Program Files (x86)\Trend Micro\Endpoint Basecamp\modules\vom\modules\UiBridgeModule\VOneAgentConsole\System.Runtime.dll Met exception:System.UnauthorizedAccessException: Accesso al percorso 'C:\Program Files (x86)\Trend Micro\Endpoint Basecamp\modules\vom\modules\UiBridgeModule\VOneAgentConsole\System.Runtime.dll' negato.
   in System.IO.__Error.WinIOError(Int32 errorCode, String maybeFullPath)
   in System.IO.File.InternalDelete(String path, Boolean checkHost)
   in System.IO.File.Delete(String path)
   in CUT.Program.DirSearch(String dir)
2026-01-07 11:57:15      Delete C:\Program Files (x86)\Trend Micro\Endpoint Basecamp\modules\vom\modules\UiBridgeModule\VOneAgentConsole\System.Runtime.Extensions.dll Met exception:System.UnauthorizedAccessException: Accesso al percorso 'C:\Program Files (x86)\Trend Micro\Endpoint Basecamp\modules\vom\modules\UiBridgeModule\VOneAgentConsole\System.Runtime.Extensions.dll' negato.
   in System.IO.__Error.WinIOError(Int32 errorCode, String maybeFullPath)
   in System.IO.File.InternalDelete(String path, Boolean checkHost)
   in System.IO.File.Delete(String path)
   in CUT.Program.DirSearch(String dir)
2026-01-07 11:57:15      Delete C:\Program Files (x86)\Trend Micro\Endpoint Basecamp\modules\vom\modules\UiBridgeModule\VOneAgentConsole\System.Runtime.InteropServices.dll Met exception:System.UnauthorizedAccessException: Accesso al percorso 'C:\Program Files (x86)\Trend Micro\Endpoint Basecamp\modules\vom\modules\UiBridgeModule\VOneAgentConsole\System.Runtime.InteropServices.dll' negato.
   in System.IO.__Error.WinIOError(Int32 errorCode, String maybeFullPath)
   in System.IO.File.InternalDelete(String path, Boolean checkHost)
   in System.IO.File.Delete(String path)
   in CUT.Program.DirSearch(String dir)
2026-01-07 11:57:15      Delete C:\Program Files (x86)\Trend Micro\Endpoint Basecamp\modules\vom\modules\UiBridgeModule\VOneAgentConsole\System.Runtime.Loader.dll Met exception:System.UnauthorizedAccessException: Accesso al percorso 'C:\Program Files (x86)\Trend Micro\Endpoint Basecamp\modules\vom\modules\UiBridgeModule\VOneAgentConsole\System.Runtime.Loader.dll' negato.
   in System.IO.__Error.WinIOError(Int32 errorCode, String maybeFullPath)
   in System.IO.File.InternalDelete(String path, Boolean checkHost)
   in System.IO.File.Delete(String path)
   in CUT.Program.DirSearch(String dir)
2026-01-07 11:57:15      Delete C:\Program Files (x86)\Trend Micro\Endpoint Basecamp\modules\vom\modules\UiBridgeModule\VOneAgentConsole\System.Security.AccessControl.dll Met exception:System.UnauthorizedAccessException: Accesso al percorso 'C:\Program Files (x86)\Trend Micro\Endpoint Basecamp\modules\vom\modules\UiBridgeModule\VOneAgentConsole\System.Security.AccessControl.dll' negato.
   in System.IO.__Error.WinIOError(Int32 errorCode, String maybeFullPath)
   in System.IO.File.InternalDelete(String path, Boolean checkHost)
   in System.IO.File.Delete(String path)
   in CUT.Program.DirSearch(String dir)
2026-01-07 11:57:15      Delete C:\Program Files (x86)\Trend Micro\Endpoint Basecamp\modules\vom\modules\UiBridgeModule\VOneAgentConsole\System.Security.Claims.dll Met exception:System.UnauthorizedAccessException: Accesso al percorso 'C:\Program Files (x86)\Trend Micro\Endpoint Basecamp\modules\vom\modules\UiBridgeModule\VOneAgentConsole\System.Security.Claims.dll' negato.
   in System.IO.__Error.WinIOError(Int32 errorCode, String maybeFullPath)
   in System.IO.File.InternalDelete(String path, Boolean checkHost)
   in System.IO.File.Delete(String path)
   in CUT.Program.DirSearch(String dir)
2026-01-07 11:57:15      Delete C:\Program Files (x86)\Trend Micro\Endpoint Basecamp\modules\vom\modules\UiBridgeModule\VOneAgentConsole\System.Security.Principal.Windows.dll Met exception:System.UnauthorizedAccessException: Accesso al percorso 'C:\Program Files (x86)\Trend Micro\Endpoint Basecamp\modules\vom\modules\UiBridgeModule\VOneAgentConsole\System.Security.Principal.Windows.dll' negato.
   in System.IO.__Error.WinIOError(Int32 errorCode, String maybeFullPath)
   in System.IO.File.InternalDelete(String path, Boolean checkHost)
   in System.IO.File.Delete(String path)
   in CUT.Program.DirSearch(String dir)
2026-01-07 11:57:15      Delete C:\Program Files (x86)\Trend Micro\Endpoint Basecamp\modules\vom\modules\UiBridgeModule\VOneAgentConsole\System.Text.Encoding.Extensions.dll Met exception:System.UnauthorizedAccessException: Accesso al percorso 'C:\Program Files (x86)\Trend Micro\Endpoint Basecamp\modules\vom\modules\UiBridgeModule\VOneAgentConsole\System.Text.Encoding.Extensions.dll' negato.
   in System.IO.__Error.WinIOError(Int32 errorCode, String maybeFullPath)
   in System.IO.File.InternalDelete(String path, Boolean checkHost)
   in System.IO.File.Delete(String path)
   in CUT.Program.DirSearch(String dir)
2026-01-07 11:57:15      Delete C:\Program Files (x86)\Trend Micro\Endpoint Basecamp\modules\vom\modules\UiBridgeModule\VOneAgentConsole\System.Text.Json.dll Met exception:System.UnauthorizedAccessException: Accesso al percorso 'C:\Program Files (x86)\Trend Micro\Endpoint Basecamp\modules\vom\modules\UiBridgeModule\VOneAgentConsole\System.Text.Json.dll' negato.
   in System.IO.__Error.WinIOError(Int32 errorCode, String maybeFullPath)
   in System.IO.File.InternalDelete(String path, Boolean checkHost)
   in System.IO.File.Delete(String path)
   in CUT.Program.DirSearch(String dir)
2026-01-07 11:57:15      Delete C:\Program Files (x86)\Trend Micro\Endpoint Basecamp\modules\vom\modules\UiBridgeModule\VOneAgentConsole\System.Threading.dll Met exception:System.UnauthorizedAccessException: Accesso al percorso 'C:\Program Files (x86)\Trend Micro\Endpoint Basecamp\modules\vom\modules\UiBridgeModule\VOneAgentConsole\System.Threading.dll' negato.
   in System.IO.__Error.WinIOError(Int32 errorCode, String maybeFullPath)
   in System.IO.File.InternalDelete(String path, Boolean checkHost)
   in System.IO.File.Delete(String path)
   in CUT.Program.DirSearch(String dir)
2026-01-07 11:57:15      Delete C:\Program Files (x86)\Trend Micro\Endpoint Basecamp\modules\vom\modules\UiBridgeModule\VOneAgentConsole\System.Threading.Overlapped.dll Met exception:System.UnauthorizedAccessException: Accesso al percorso 'C:\Program Files (x86)\Trend Micro\Endpoint Basecamp\modules\vom\modules\UiBridgeModule\VOneAgentConsole\System.Threading.Overlapped.dll' negato.
   in System.IO.__Error.WinIOError(Int32 errorCode, String maybeFullPath)
   in System.IO.File.InternalDelete(String path, Boolean checkHost)
   in System.IO.File.Delete(String path)
   in CUT.Program.DirSearch(String dir)
2026-01-07 11:57:15      Delete C:\Program Files (x86)\Trend Micro\Endpoint Basecamp\modules\vom\modules\UiBridgeModule\VOneAgentConsole\System.Threading.Thread.dll Met exception:System.UnauthorizedAccessException: Accesso al percorso 'C:\Program Files (x86)\Trend Micro\Endpoint Basecamp\modules\vom\modules\UiBridgeModule\VOneAgentConsole\System.Threading.Thread.dll' negato.
   in System.IO.__Error.WinIOError(Int32 errorCode, String maybeFullPath)
   in System.IO.File.InternalDelete(String path, Boolean checkHost)
   in System.IO.File.Delete(String path)
   in CUT.Program.DirSearch(String dir)
2026-01-07 11:57:15      Delete C:\Program Files (x86)\Trend Micro\Endpoint Basecamp\modules\vom\modules\UiBridgeModule\VOneAgentConsole\System.Threading.ThreadPool.dll Met exception:System.UnauthorizedAccessException: Accesso al percorso 'C:\Program Files (x86)\Trend Micro\Endpoint Basecamp\modules\vom\modules\UiBridgeModule\VOneAgentConsole\System.Threading.ThreadPool.dll' negato.
   in System.IO.__Error.WinIOError(Int32 errorCode, String maybeFullPath)
   in System.IO.File.InternalDelete(String path, Boolean checkHost)
   in System.IO.File.Delete(String path)
   in CUT.Program.DirSearch(String dir)
2026-01-07 11:57:15      Delete C:\Program Files (x86)\Trend Micro\Endpoint Basecamp\modules\vom\modules\UiBridgeModule\VOneAgentConsole\System.Windows.Controls.Ribbon.dll Met exception:System.UnauthorizedAccessException: Accesso al percorso 'C:\Program Files (x86)\Trend Micro\Endpoint Basecamp\modules\vom\modules\UiBridgeModule\VOneAgentConsole\System.Windows.Controls.Ribbon.dll' negato.
   in System.IO.__Error.WinIOError(Int32 errorCode, String maybeFullPath)
   in System.IO.File.InternalDelete(String path, Boolean checkHost)
   in System.IO.File.Delete(String path)
   in CUT.Program.DirSearch(String dir)
2026-01-07 11:57:15      Delete C:\Program Files (x86)\Trend Micro\Endpoint Basecamp\modules\vom\modules\UiBridgeModule\VOneAgentConsole\System.Windows.Extensions.dll Met exception:System.UnauthorizedAccessException: Accesso al percorso 'C:\Program Files (x86)\Trend Micro\Endpoint Basecamp\modules\vom\modules\UiBridgeModule\VOneAgentConsole\System.Windows.Extensions.dll' negato.
   in System.IO.__Error.WinIOError(Int32 errorCode, String maybeFullPath)
   in System.IO.File.InternalDelete(String path, Boolean checkHost)
   in System.IO.File.Delete(String path)
   in CUT.Program.DirSearch(String dir)
2026-01-07 11:57:15      Delete C:\Program Files (x86)\Trend Micro\Endpoint Basecamp\modules\vom\modules\UiBridgeModule\VOneAgentConsole\System.Windows.Forms.dll Met exception:System.UnauthorizedAccessException: Accesso al percorso 'C:\Program Files (x86)\Trend Micro\Endpoint Basecamp\modules\vom\modules\UiBridgeModule\VOneAgentConsole\System.Windows.Forms.dll' negato.
   in System.IO.__Error.WinIOError(Int32 errorCode, String maybeFullPath)
   in System.IO.File.InternalDelete(String path, Boolean checkHost)
   in System.IO.File.Delete(String path)
   in CUT.Program.DirSearch(String dir)
2026-01-07 11:57:15      Delete C:\Program Files (x86)\Trend Micro\Endpoint Basecamp\modules\vom\modules\UiBridgeModule\VOneAgentConsole\System.Windows.Forms.Primitives.dll Met exception:System.UnauthorizedAccessException: Accesso al percorso 'C:\Program Files (x86)\Trend Micro\Endpoint Basecamp\modules\vom\modules\UiBridgeModule\VOneAgentConsole\System.Windows.Forms.Primitives.dll' negato.
   in System.IO.__Error.WinIOError(Int32 errorCode, String maybeFullPath)
   in System.IO.File.InternalDelete(String path, Boolean checkHost)
   in System.IO.File.Delete(String path)
   in CUT.Program.DirSearch(String dir)
2026-01-07 11:57:15      Delete C:\Program Files (x86)\Trend Micro\Endpoint Basecamp\modules\vom\modules\UiBridgeModule\VOneAgentConsole\System.Xaml.dll Met exception:System.UnauthorizedAccessException: Accesso al percorso 'C:\Program Files (x86)\Trend Micro\Endpoint Basecamp\modules\vom\modules\UiBridgeModule\VOneAgentConsole\System.Xaml.dll' negato.
   in System.IO.__Error.WinIOError(Int32 errorCode, String maybeFullPath)
   in System.IO.File.InternalDelete(String path, Boolean checkHost)
   in System.IO.File.Delete(String path)
   in CUT.Program.DirSearch(String dir)
2026-01-07 11:57:15      Delete C:\Program Files (x86)\Trend Micro\Endpoint Basecamp\modules\vom\modules\UiBridgeModule\VOneAgentConsole\System.Xml.ReaderWriter.dll Met exception:System.UnauthorizedAccessException: Accesso al percorso 'C:\Program Files (x86)\Trend Micro\Endpoint Basecamp\modules\vom\modules\UiBridgeModule\VOneAgentConsole\System.Xml.ReaderWriter.dll' negato.
   in System.IO.__Error.WinIOError(Int32 errorCode, String maybeFullPath)
   in System.IO.File.InternalDelete(String path, Boolean checkHost)
   in System.IO.File.Delete(String path)
   in CUT.Program.DirSearch(String dir)
2026-01-07 11:57:15      Delete C:\Program Files (x86)\Trend Micro\Endpoint Basecamp\modules\vom\modules\UiBridgeModule\VOneAgentConsole\ucrtbase.dll Met exception:System.UnauthorizedAccessException: Accesso al percorso 'C:\Program Files (x86)\Trend Micro\Endpoint Basecamp\modules\vom\modules\UiBridgeModule\VOneAgentConsole\ucrtbase.dll' negato.
   in System.IO.__Error.WinIOError(Int32 errorCode, String maybeFullPath)
   in System.IO.File.InternalDelete(String path, Boolean checkHost)
   in System.IO.File.Delete(String path)
   in CUT.Program.DirSearch(String dir)
2026-01-07 11:57:15      Delete C:\Program Files (x86)\Trend Micro\Endpoint Basecamp\modules\vom\modules\UiBridgeModule\VOneAgentConsole\Utility.dll Met exception:System.UnauthorizedAccessException: Accesso al percorso 'C:\Program Files (x86)\Trend Micro\Endpoint Basecamp\modules\vom\modules\UiBridgeModule\VOneAgentConsole\Utility.dll' negato.
   in System.IO.__Error.WinIOError(Int32 errorCode, String maybeFullPath)
   in System.IO.File.InternalDelete(String path, Boolean checkHost)
   in System.IO.File.Delete(String path)
   in CUT.Program.DirSearch(String dir)
2026-01-07 11:57:15      Delete C:\Program Files (x86)\Trend Micro\Endpoint Basecamp\modules\vom\modules\UiBridgeModule\VOneAgentConsole\VOneAgentConsoleTray.dll Met exception:System.UnauthorizedAccessException: Accesso al percorso 'C:\Program Files (x86)\Trend Micro\Endpoint Basecamp\modules\vom\modules\UiBridgeModule\VOneAgentConsole\VOneAgentConsoleTray.dll' negato.
   in System.IO.__Error.WinIOError(Int32 errorCode, String maybeFullPath)
   in System.IO.File.InternalDelete(String path, Boolean checkHost)
   in System.IO.File.Delete(String path)
   in CUT.Program.DirSearch(String dir)
2026-01-07 11:57:15      Delete C:\Program Files (x86)\Trend Micro\Endpoint Basecamp\modules\vom\modules\UiBridgeModule\VOneAgentConsole\VOneAgentConsoleTray.exe Met exception:System.UnauthorizedAccessException: Accesso al percorso 'C:\Program Files (x86)\Trend Micro\Endpoint Basecamp\modules\vom\modules\UiBridgeModule\VOneAgentConsole\VOneAgentConsoleTray.exe' negato.
   in System.IO.__Error.WinIOError(Int32 errorCode, String maybeFullPath)
   in System.IO.File.InternalDelete(String path, Boolean checkHost)
   in System.IO.File.Delete(String path)
   in CUT.Program.DirSearch(String dir)
2026-01-07 11:57:15      Delete C:\Program Files (x86)\Trend Micro\Endpoint Basecamp\modules\vom\modules\UiBridgeModule\VOneAgentConsole\WindowsBase.dll Met exception:System.UnauthorizedAccessException: Accesso al percorso 'C:\Program Files (x86)\Trend Micro\Endpoint Basecamp\modules\vom\modules\UiBridgeModule\VOneAgentConsole\WindowsBase.dll' negato.
   in System.IO.__Error.WinIOError(Int32 errorCode, String maybeFullPath)
   in System.IO.File.InternalDelete(String path, Boolean checkHost)
   in System.IO.File.Delete(String path)
   in CUT.Program.DirSearch(String dir)
2026-01-07 11:57:15      Delete C:\Program Files (x86)\Trend Micro\Endpoint Basecamp\modules\vom\modules\UiBridgeModule\VOneAgentConsole\Wpf.Ui.dll Met exception:System.UnauthorizedAccessException: Accesso al percorso 'C:\Program Files (x86)\Trend Micro\Endpoint Basecamp\modules\vom\modules\UiBridgeModule\VOneAgentConsole\Wpf.Ui.dll' negato.
   in System.IO.__Error.WinIOError(Int32 errorCode, String maybeFullPath)
   in System.IO.File.InternalDelete(String path, Boolean checkHost)
   in System.IO.File.Delete(String path)
   in CUT.Program.DirSearch(String dir)
2026-01-07 11:57:15      Delete C:\Program Files (x86)\Trend Micro\Endpoint Basecamp\modules\vom\modules\UiBridgeModule\VOneAgentConsole\it-IT\VOneAgentConsoleTray.resources.dll Met exception:System.UnauthorizedAccessException: Accesso al percorso 'C:\Program Files (x86)\Trend Micro\Endpoint Basecamp\modules\vom\modules\UiBridgeModule\VOneAgentConsole\it-IT\VOneAgentConsoleTray.resources.dll' negato.
   in System.IO.__Error.WinIOError(Int32 errorCode, String maybeFullPath)
   in System.IO.File.InternalDelete(String path, Boolean checkHost)
   in System.IO.File.Delete(String path)
   in CUT.Program.DirSearch(String dir)
2026-01-07 11:57:15      Delete C:\Program Files (x86)\Trend Micro\Endpoint Basecamp\modules\vom\modules\VomPolicyManager\sodb_ae86.db Met exception:System.IO.IOException: Il processo non può accedere al file 'C:\Program Files (x86)\Trend Micro\Endpoint Basecamp\modules\vom\modules\VomPolicyManager\sodb_ae86.db' perché è in uso da un altro processo.
   in System.IO.__Error.WinIOError(Int32 errorCode, String maybeFullPath)
   in System.IO.File.InternalDelete(String path, Boolean checkHost)
   in System.IO.File.Delete(String path)
   in CUT.Program.DirSearch(String dir)
2026-01-07 11:57:15      Delete C:\Program Files (x86)\Trend Micro\Endpoint Basecamp\modules\vom\modules\VomPolicyManager\VomPolicyManager.dll Met exception:System.UnauthorizedAccessException: Accesso al percorso 'C:\Program Files (x86)\Trend Micro\Endpoint Basecamp\modules\vom\modules\VomPolicyManager\VomPolicyManager.dll' negato.
   in System.IO.__Error.WinIOError(Int32 errorCode, String maybeFullPath)
   in System.IO.File.InternalDelete(String path, Boolean checkHost)
   in System.IO.File.Delete(String path)
   in CUT.Program.DirSearch(String dir)
2026-01-07 11:57:15      Delete C:\Program Files (x86)\Trend Micro\Endpoint Basecamp\modules\vom\modules\WSCommunicator\WSC.dll Met exception:System.UnauthorizedAccessException: Accesso al percorso 'C:\Program Files (x86)\Trend Micro\Endpoint Basecamp\modules\vom\modules\WSCommunicator\WSC.dll' negato.
   in System.IO.__Error.WinIOError(Int32 errorCode, String maybeFullPath)
   in System.IO.File.InternalDelete(String path, Boolean checkHost)
   in System.IO.File.Delete(String path)
   in CUT.Program.DirSearch(String dir)
2026-01-07 11:57:15      Delete C:\Program Files (x86)\Trend Micro\Endpoint Basecamp\modules\vom\WSC\dllWscSdk.dll Met exception:System.UnauthorizedAccessException: Accesso al percorso 'C:\Program Files (x86)\Trend Micro\Endpoint Basecamp\modules\vom\WSC\dllWscSdk.dll' negato.
   in System.IO.__Error.WinIOError(Int32 errorCode, String maybeFullPath)
   in System.IO.File.InternalDelete(String path, Boolean checkHost)
   in System.IO.File.Delete(String path)
   in CUT.Program.DirSearch(String dir)
2026-01-07 11:57:16      Delete XBC folder, met exception: System.UnauthorizedAccessException: Accesso al percorso 'EndpointBasecamp.exe' negato.
   in System.IO.Directory.DeleteHelper(String fullPath, String userPath, Boolean recursive, Boolean throwOnTopLevelDirectoryNotFound, WIN32_FIND_DATA& data)
   in System.IO.Directory.Delete(String fullPath, String userPath, Boolean recursive, Boolean checkHost)
   in CUT.Program.DeleteXBCSCPFolder(String AppPath)
2026-01-07 11:57:16      Delete SCP folder, met exception: System.IO.DirectoryNotFoundException: Impossibile trovare una parte del percorso 'C:\Program Files (x86)\Trend Micro\SupportConnector\'.
   in System.IO.__Error.WinIOError(Int32 errorCode, String maybeFullPath)
   in System.IO.Directory.Delete(String fullPath, String userPath, Boolean recursive, Boolean checkHost)
   in CUT.Program.DeleteXBCSCPFolder(String AppPath)
2026-01-07 11:57:16      Deleted Schedule Task: Trend Micro Apex One Security Services Support Connector
2026-01-07 11:57:16      Deleted Schedule Task: Trend Micro Worry-Free Business Security Services Recovery Pack Tool
2026-01-07 11:57:16      DelSpecificRegKeys foreach met exception: System.ArgumentException: Caratteri non validi nel percorso.
   in System.IO.Path.CheckInvalidPathChars(String path, Boolean checkAdditional)
   in System.IO.Path.GetFileName(String path)
   in CUT.Program.DelSpecificRegKeys()
2026-01-07 11:57:17      DelSpecificRegKeys met exception: System.ArgumentException: Caratteri non validi nel percorso.
   in System.IO.Path.CheckInvalidPathChars(String path, Boolean checkAdditional)
   in System.IO.Path.GetFileName(String path)
   in CUT.Program.DelSpecificRegKeys()
2026-01-07 11:57:17      DelSpecificRegKeys met exception: System.NullReferenceException: Riferimento a un oggetto non impostato su un'istanza di oggetto.
   in CUT.Program.DelSpecificRegKeys()
2026-01-07 11:57:17      DelSpecificRegKeys met exception: System.NullReferenceException: Riferimento a un oggetto non impostato su un'istanza di oggetto.
   in CUT.Program.DelSpecificRegKeys()
2026-01-07 11:57:17      DelSpecificRegKeys met exception: System.Security.SecurityException: Accesso al Registro di sistema non consentito.
   in System.ThrowHelper.ThrowSecurityException(ExceptionResource resource)
   in Microsoft.Win32.RegistryKey.OpenSubKey(String name, Boolean writable)
   in CUT.Program.DelSpecificRegKeys()
Area dell'assembly con errori:
MyComputer
2026-01-07 11:57:17      DelSpecificRegKeys met exception: System.Security.SecurityException: Accesso al Registro di sistema non consentito.
   in System.ThrowHelper.ThrowSecurityException(ExceptionResource resource)
   in Microsoft.Win32.RegistryKey.OpenSubKey(String name, Boolean writable)
   in CUT.Program.DelSpecificRegKeys()
Area dell'assembly con errori:
MyComputer
2026-01-07 11:57:17      agent main components have been removed completely.
2026-01-07 11:57:19      Finished running MSI clean bat....
2026-01-07 11:57:25      Finished....
2026-01-07 11:57:25      You need to reboot PC once finally!
2026-01-07 11:57:25      removeGuidsForAgent met exception: System.ComponentModel.Win32Exception (0x80004005): Impossibile trovare il file specificato
   in System.Diagnostics.Process.StartWithCreateProcess(ProcessStartInfo startInfo)
   in System.Diagnostics.Process.Start()
   in CUT.Program.removeGuidsForAgent()
2026-01-13 11:39:15      VerifyAccessWithDate 0
2026-01-13 11:39:15      getLicenseDate
2026-01-13 11:39:15      GetNetworkTime 0
2026-01-13 11:39:15      GetNetworkTime 1
2026-01-13 11:39:15      GetNetworkTime 2
2026-01-13 11:39:15      GetNetworkTime 3
2026-01-13 11:39:15      GetNetworkTime 4
2026-01-13 11:39:15      GetNetworkTime:3977289555583
2026-01-13 11:39:15      Temp folder existing, cleanup it first!
2026-01-13 11:39:15      ExtractResourceEXEFilec:\temp\7597ed8d2925998a62a3281e938eaf02\msizap_64x.exe
2026-01-13 11:39:15      ExtractResourceTextFilec:\temp\7597ed8d2925998a62a3281e938eaf02\ms_temp20260113113915_x.bat
2026-01-13 11:39:15      ExtractResourceEXEFilec:\temp\7597ed8d2925998a62a3281e938eaf02\ms_temp20260113113915_x.exe
2026-01-13 11:39:15      ExtractResourceTextFilec:\temp\7597ed8d2925998a62a3281e938eaf02\CmnUnins.ini
2026-01-13 11:39:15      ExtractResourceEXEFilec:\temp\7597ed8d2925998a62a3281e938eaf02\iVP_Clp_64x.exe
2026-01-13 11:39:16      ExtractResourceEXEFilec:\temp\7597ed8d2925998a62a3281e938eaf02\iAC_Clp_64x.exe
2026-01-13 11:39:16      ExtractResourceEXEFilec:\temp\7597ed8d2925998a62a3281e938eaf02\iES_Clp_64x.exe
2026-01-13 11:39:16      ExtractResourceEXEFilec:\temp\7597ed8d2925998a62a3281e938eaf02\TmFixDuplicateKey.exe
2026-01-13 11:39:16      ExtractResourceEXEFilec:\temp\7597ed8d2925998a62a3281e938eaf02\iDLP_Clp.exe
2026-01-13 11:39:16      ExtractResourceEXEFilec:\temp\7597ed8d2925998a62a3281e938eaf02\tmlwfins_64x.exe
2026-01-13 11:39:16      Remove duplicate key!
2026-01-13 11:39:19      this is 64bit OS....
2026-01-13 11:39:19      Running common uninstall tool for agent.....
2026-01-13 11:39:24        ---Finished Step1, Running Step2.....
2026-01-13 11:39:24        ---Finished Step2, Running Step3.....
2026-01-13 11:41:35        ---Finished Step3, Running Step4.....
2026-01-13 11:55:37        ---Finished Step4, Running Step5.....
2026-01-13 11:55:37        ---Finished Step5, Running Step6.....
2026-01-13 11:55:37        ---Finished Step6, Running Step7.....
2026-01-13 11:55:37        ---Finished Step7, Running Step8.....
2026-01-13 11:55:42        ---Finished Step8, Running Step9.....
2026-01-13 11:59:29      Finish to monitor Common Uninstall process, please check ComUnist.log for more details.
2026-01-13 11:59:31      Delete 64bit view REG key Operation Failed.
2026-01-13 11:59:31      HKLM\SOFTWARE\Microsoft\Windows\CurrentVersion\Installer\Folders, C:\Program Files (x86)\Trend Micro\Security Agent\\
2026-01-13 11:59:31      Delete 64bit view REG key Operation Failed.
2026-01-13 11:59:31      HKLM\SOFTWARE\Microsoft\Windows\CurrentVersion\Installer\Folders, C:\Program Files (x86)\Trend Micro\OfficeScan Client\\
2026-01-13 11:59:32      Delete 64bit view REG key Operation Failed.
2026-01-13 11:59:32      HKLM\SOFTWARE\Microsoft\Windows\CurrentVersion\Installer\Folders, C:\ProgramData\Microsoft\Windows\Start Menu\Programs\Trend Micro Worry-Free Business Security Agent\\
2026-01-13 11:59:32      Delete 64bit view REG key Operation Failed.Operazione completata.

2026-01-13 11:59:32      HKLM\SOFTWARE\Microsoft\Windows\CurrentVersion\Installer\Folders, C:\ProgramData\Microsoft\Windows\Start Menu\Programs\Trend Micro Security Agent\\
2026-01-13 11:59:32      Finished iVP cleanup....
2026-01-13 11:59:50      Finished TMEAC cleanup....
2026-01-13 11:59:54      Finished iAC cleanup....
2026-01-13 11:59:59      Finished iES cleanup....
2026-01-13 11:59:59      Cleanup iES_Clp_64x.exe, met exception.
2026-01-13 12:00:02      Cleanup iES_Clp_64x.exe, met exception.
2026-01-13 12:00:05      Cleanup iES_Clp_64x.exe, met exception.
2026-01-13 12:00:08      Cleanup iES_Clp_64x.exe, met exception.
2026-01-13 12:00:11      Cleanup iES_Clp_64x.exe, met exception.
2026-01-13 12:00:17      Delete C:\Program Files (x86)\Trend Micro\Client Server Security Agent\HostedAgent\Misc\EventLog.db Met exception:System.IO.IOException: Il processo non può accedere al file 'C:\Program Files (x86)\Trend Micro\Client Server Security Agent\HostedAgent\Misc\EventLog.db' perché è in uso da un altro processo.
   in System.IO.__Error.WinIOError(Int32 errorCode, String maybeFullPath)
   in System.IO.File.InternalDelete(String path, Boolean checkHost)
   in System.IO.File.Delete(String path)
   in CUT.Program.DirSearch(String dir)
2026-01-13 12:00:17      Delete C:\Program Files (x86)\Trend Micro\Client Server Security Agent\HostedAgent\Misc\EventLog.db Met exception:System.IO.IOException: Il processo non può accedere al file 'C:\Program Files (x86)\Trend Micro\Client Server Security Agent\HostedAgent\Misc\EventLog.db' perché è in uso da un altro processo.
   in System.IO.__Error.WinIOError(Int32 errorCode, String maybeFullPath)
   in System.IO.File.InternalDelete(String path, Boolean checkHost)
   in System.IO.File.Delete(String path)
   in CUT.Program.DirSearch(String dir)
2026-01-13 12:00:17      Delete iXX folder, met exception: System.IO.IOException: Il processo non può accedere al file 'EventLog.db' perché è in uso da un altro processo.
   in System.IO.Directory.DeleteHelper(String fullPath, String userPath, Boolean recursive, Boolean throwOnTopLevelDirectoryNotFound, WIN32_FIND_DATA& data)
   in System.IO.Directory.Delete(String fullPath, String userPath, Boolean recursive, Boolean checkHost)
   in CUT.Program.RemoveiServiceFolders(String iXXpath, String AppPath)
2026-01-13 12:00:17      Delete AppPath folder, met exception: System.IO.IOException: Il processo non può accedere al file 'EventLog.db' perché è in uso da un altro processo.
   in System.IO.Directory.DeleteHelper(String fullPath, String userPath, Boolean recursive, Boolean throwOnTopLevelDirectoryNotFound, WIN32_FIND_DATA& data)
   in System.IO.Directory.Delete(String fullPath, String userPath, Boolean recursive, Boolean checkHost)
   in CUT.Program.RemoveiServiceFolders(String iXXpath, String AppPath)
2026-01-13 12:00:17      Finished iDLP double cleanup....
2026-01-13 12:00:20      Delete C:\Program Files (x86)\Trend Micro\Client Server Security Agent\HostedAgent\Misc\EventLog.db Met exception:System.IO.IOException: Il processo non può accedere al file 'C:\Program Files (x86)\Trend Micro\Client Server Security Agent\HostedAgent\Misc\EventLog.db' perché è in uso da un altro processo.
   in System.IO.__Error.WinIOError(Int32 errorCode, String maybeFullPath)
   in System.IO.File.InternalDelete(String path, Boolean checkHost)
   in System.IO.File.Delete(String path)
   in CUT.Program.DirSearch(String dir)
2026-01-13 12:00:20      Delete C:\Program Files (x86)\Trend Micro\Client Server Security Agent\HostedAgent\Misc\EventLog.db Met exception:System.IO.IOException: Il processo non può accedere al file 'C:\Program Files (x86)\Trend Micro\Client Server Security Agent\HostedAgent\Misc\EventLog.db' perché è in uso da un altro processo.
   in System.IO.__Error.WinIOError(Int32 errorCode, String maybeFullPath)
   in System.IO.File.InternalDelete(String path, Boolean checkHost)
   in System.IO.File.Delete(String path)
   in CUT.Program.DirSearch(String dir)
2026-01-13 12:00:20      Delete XBC folder, met exception: System.IO.IOException: Il processo non può accedere al file 'EventLog.db' perché è in uso da un altro processo.
   in System.IO.Directory.DeleteHelper(String fullPath, String userPath, Boolean recursive, Boolean throwOnTopLevelDirectoryNotFound, WIN32_FIND_DATA& data)
   in System.IO.Directory.Delete(String fullPath, String userPath, Boolean recursive, Boolean checkHost)
   in CUT.Program.DeleteXBCSCPFolder(String AppPath)
2026-01-13 12:00:20      Delete SCP folder, met exception: System.IO.IOException: Il processo non può accedere al file 'EventLog.db' perché è in uso da un altro processo.
   in System.IO.Directory.DeleteHelper(String fullPath, String userPath, Boolean recursive, Boolean throwOnTopLevelDirectoryNotFound, WIN32_FIND_DATA& data)
   in System.IO.Directory.Delete(String fullPath, String userPath, Boolean recursive, Boolean checkHost)
   in CUT.Program.DeleteXBCSCPFolder(String AppPath)
2026-01-13 12:00:20      Deleted Schedule Task: Trend Micro Apex One Security Services Support Connector
2026-01-13 12:00:20      Deleted Schedule Task: Trend Micro Worry-Free Business Security Services Recovery Pack Tool
2026-01-13 12:00:20      DelSpecificRegKeys foreach met exception: System.ArgumentException: Caratteri non validi nel percorso.
   in System.IO.Path.CheckInvalidPathChars(String path, Boolean checkAdditional)
   in System.IO.Path.GetFileName(String path)
   in CUT.Program.DelSpecificRegKeys()
2026-01-13 12:00:20      Delete plugin reg key. Key Under: {6138A34F-DCA4-48D0-95CC-51E1D8F30B58}, under HKEY_CLASSES_ROOT\CLSID
2026-01-13 12:00:20      Delete 64bit view REG key Operation Failed.Operazione completata.

2026-01-13 12:00:20      HKEY_CLASSES_ROOT\CLSID\{6138A34F-DCA4-48D0-95CC-51E1D8F30B58}
2026-01-13 12:00:21      DelSpecificRegKeys met exception: System.ArgumentException: Caratteri non validi nel percorso.
   in System.IO.Path.CheckInvalidPathChars(String path, Boolean checkAdditional)
   in System.IO.Path.GetFileName(String path)
   in CUT.Program.DelSpecificRegKeys()
2026-01-13 12:00:21      DelSpecificRegKeys met exception: System.NullReferenceException: Riferimento a un oggetto non impostato su un'istanza di oggetto.
   in CUT.Program.DelSpecificRegKeys()
2026-01-13 12:00:21      DelSpecificRegKeys met exception: System.NullReferenceException: Riferimento a un oggetto non impostato su un'istanza di oggetto.
   in CUT.Program.DelSpecificRegKeys()
2026-01-13 12:00:21      agent REG has not been removed completely.

2026-01-13 12:00:21      Finished running MSI clean bat....
2026-01-13 12:00:27      Finished....
2026-01-13 12:00:27      You need to reboot PC once finally!
2026-01-13 12:00:27      removeGuidsForAgent met exception: System.ComponentModel.Win32Exception (0x80004005): Impossibile trovare il file specificato
   in System.Diagnostics.Process.StartWithCreateProcess(ProcessStartInfo startInfo)
   in System.Diagnostics.Process.Start()
   in CUT.Program.removeGuidsForAgent()
2026-01-13 17:42:00      VerifyAccessWithDate 0
2026-01-13 17:42:00      getLicenseDate
2026-01-13 17:42:00      GetNetworkTime 0
2026-01-13 17:42:00      GetNetworkTime 1
2026-01-13 17:42:00      GetNetworkTime 2
2026-01-13 17:42:00      GetNetworkTime 3
2026-01-13 17:42:00      GetNetworkTime 4
2026-01-13 17:42:00      GetNetworkTime:3977311320349
2026-01-13 17:42:00      Temp folder existing, cleanup it first!
2026-01-13 17:42:00      ExtractResourceEXEFilec:\temp\7597ed8d2925998a62a3281e938eaf02\msizap_64x.exe
2026-01-13 17:42:00      ExtractResourceTextFilec:\temp\7597ed8d2925998a62a3281e938eaf02\ms_temp20260113054200_x.bat
2026-01-13 17:42:00      ExtractResourceEXEFilec:\temp\7597ed8d2925998a62a3281e938eaf02\ms_temp20260113054200_x.exe
2026-01-13 17:42:00      ExtractResourceTextFilec:\temp\7597ed8d2925998a62a3281e938eaf02\CmnUnins.ini
2026-01-13 17:42:00      ExtractResourceEXEFilec:\temp\7597ed8d2925998a62a3281e938eaf02\iVP_Clp_64x.exe
2026-01-13 17:42:00      ExtractResourceEXEFilec:\temp\7597ed8d2925998a62a3281e938eaf02\iAC_Clp_64x.exe
2026-01-13 17:42:00      ExtractResourceEXEFilec:\temp\7597ed8d2925998a62a3281e938eaf02\iES_Clp_64x.exe
2026-01-13 17:42:00      ExtractResourceEXEFilec:\temp\7597ed8d2925998a62a3281e938eaf02\TmFixDuplicateKey.exe
2026-01-13 17:42:00      ExtractResourceEXEFilec:\temp\7597ed8d2925998a62a3281e938eaf02\iDLP_Clp.exe
2026-01-13 17:42:00      ExtractResourceEXEFilec:\temp\7597ed8d2925998a62a3281e938eaf02\tmlwfins_64x.exe
2026-01-13 17:42:00      Remove duplicate key!
2026-01-13 17:42:03      this is 64bit OS....
2026-01-13 17:42:03      Running common uninstall tool for agent.....
2026-01-13 17:42:09        ---Finished Step1, Running Step2.....
2026-01-13 17:42:09        ---Finished Step2, Running Step3.....
2026-01-13 17:44:19        ---Finished Step3, Running Step4.....
2026-01-13 17:59:11        ---Finished Step4, Running Step5.....
2026-01-13 17:59:11        ---Finished Step5, Running Step6.....
2026-01-13 17:59:11        ---Finished Step6, Running Step7.....
2026-01-13 17:59:11        ---Finished Step7, Running Step8.....
2026-01-13 17:59:16        ---Finished Step8, Running Step9.....
2026-01-13 18:04:49      Finish to monitor Common Uninstall process, please check ComUnist.log for more details.
2026-01-13 18:04:54      Delete 64bit view REG key Operation Failed.
2026-01-13 18:04:54      HKLM\SOFTWARE\Microsoft\Windows\CurrentVersion\Installer\Folders, C:\Program Files (x86)\Trend Micro\Security Agent\\
2026-01-13 18:04:54      Delete 64bit view REG key Operation Failed.
2026-01-13 18:04:54      HKLM\SOFTWARE\Microsoft\Windows\CurrentVersion\Installer\Folders, C:\Program Files (x86)\Trend Micro\OfficeScan Client\\
2026-01-13 18:04:54      Delete 64bit view REG key Operation Failed.
2026-01-13 18:04:54      HKLM\SOFTWARE\Microsoft\Windows\CurrentVersion\Installer\Folders, C:\ProgramData\Microsoft\Windows\Start Menu\Programs\Trend Micro Worry-Free Business Security Agent\\
2026-01-13 18:04:54      Delete 64bit view REG key Operation Failed.Operazione completata.

2026-01-13 18:04:54      HKLM\SOFTWARE\Microsoft\Windows\CurrentVersion\Installer\Folders, C:\ProgramData\Microsoft\Windows\Start Menu\Programs\Trend Micro Security Agent\\
2026-01-13 18:04:55      Finished iVP cleanup....
2026-01-13 18:05:13      Finished TMEAC cleanup....
2026-01-13 18:05:17      Finished iAC cleanup....
2026-01-13 18:05:22      Finished iES cleanup....
2026-01-13 18:05:22      Cleanup iES_Clp_64x.exe, met exception.
2026-01-13 18:05:25      Cleanup iES_Clp_64x.exe, met exception.
2026-01-13 18:05:28      Cleanup iES_Clp_64x.exe, met exception.
2026-01-13 18:05:31      Cleanup iES_Clp_64x.exe, met exception.
2026-01-13 18:05:34      Cleanup iES_Clp_64x.exe, met exception.
2026-01-13 18:05:40      Delete C:\Program Files (x86)\Trend Micro\Client Server Security Agent\HostedAgent\Misc\EventLog.db Met exception:System.IO.IOException: Il processo non può accedere al file 'C:\Program Files (x86)\Trend Micro\Client Server Security Agent\HostedAgent\Misc\EventLog.db' perché è in uso da un altro processo.
   in System.IO.__Error.WinIOError(Int32 errorCode, String maybeFullPath)
   in System.IO.File.InternalDelete(String path, Boolean checkHost)
   in System.IO.File.Delete(String path)
   in CUT.Program.DirSearch(String dir)
2026-01-13 18:05:40      Delete C:\Program Files (x86)\Trend Micro\Client Server Security Agent\HostedAgent\Misc\EventLog.db Met exception:System.IO.IOException: Il processo non può accedere al file 'C:\Program Files (x86)\Trend Micro\Client Server Security Agent\HostedAgent\Misc\EventLog.db' perché è in uso da un altro processo.
   in System.IO.__Error.WinIOError(Int32 errorCode, String maybeFullPath)
   in System.IO.File.InternalDelete(String path, Boolean checkHost)
   in System.IO.File.Delete(String path)
   in CUT.Program.DirSearch(String dir)
2026-01-13 18:05:40      Delete iXX folder, met exception: System.IO.IOException: Il processo non può accedere al file 'EventLog.db' perché è in uso da un altro processo.
   in System.IO.Directory.DeleteHelper(String fullPath, String userPath, Boolean recursive, Boolean throwOnTopLevelDirectoryNotFound, WIN32_FIND_DATA& data)
   in System.IO.Directory.Delete(String fullPath, String userPath, Boolean recursive, Boolean checkHost)
   in CUT.Program.RemoveiServiceFolders(String iXXpath, String AppPath)
2026-01-13 18:05:40      Delete AppPath folder, met exception: System.IO.IOException: Il processo non può accedere al file 'EventLog.db' perché è in uso da un altro processo.
   in System.IO.Directory.DeleteHelper(String fullPath, String userPath, Boolean recursive, Boolean throwOnTopLevelDirectoryNotFound, WIN32_FIND_DATA& data)
   in System.IO.Directory.Delete(String fullPath, String userPath, Boolean recursive, Boolean checkHost)
   in CUT.Program.RemoveiServiceFolders(String iXXpath, String AppPath)
2026-01-13 18:05:40      Finished iDLP double cleanup....
2026-01-13 18:05:43      Delete C:\Program Files (x86)\Trend Micro\Client Server Security Agent\HostedAgent\Misc\EventLog.db Met exception:System.IO.IOException: Il processo non può accedere al file 'C:\Program Files (x86)\Trend Micro\Client Server Security Agent\HostedAgent\Misc\EventLog.db' perché è in uso da un altro processo.
   in System.IO.__Error.WinIOError(Int32 errorCode, String maybeFullPath)
   in System.IO.File.InternalDelete(String path, Boolean checkHost)
   in System.IO.File.Delete(String path)
   in CUT.Program.DirSearch(String dir)
2026-01-13 18:05:43      Delete C:\Program Files (x86)\Trend Micro\Client Server Security Agent\HostedAgent\Misc\EventLog.db Met exception:System.IO.IOException: Il processo non può accedere al file 'C:\Program Files (x86)\Trend Micro\Client Server Security Agent\HostedAgent\Misc\EventLog.db' perché è in uso da un altro processo.
   in System.IO.__Error.WinIOError(Int32 errorCode, String maybeFullPath)
   in System.IO.File.InternalDelete(String path, Boolean checkHost)
   in System.IO.File.Delete(String path)
   in CUT.Program.DirSearch(String dir)
2026-01-13 18:05:43      Delete XBC folder, met exception: System.IO.IOException: Il processo non può accedere al file 'EventLog.db' perché è in uso da un altro processo.
   in System.IO.Directory.DeleteHelper(String fullPath, String userPath, Boolean recursive, Boolean throwOnTopLevelDirectoryNotFound, WIN32_FIND_DATA& data)
   in System.IO.Directory.Delete(String fullPath, String userPath, Boolean recursive, Boolean checkHost)
   in CUT.Program.DeleteXBCSCPFolder(String AppPath)
2026-01-13 18:05:43      Delete SCP folder, met exception: System.IO.IOException: Il processo non può accedere al file 'EventLog.db' perché è in uso da un altro processo.
   in System.IO.Directory.DeleteHelper(String fullPath, String userPath, Boolean recursive, Boolean throwOnTopLevelDirectoryNotFound, WIN32_FIND_DATA& data)
   in System.IO.Directory.Delete(String fullPath, String userPath, Boolean recursive, Boolean checkHost)
   in CUT.Program.DeleteXBCSCPFolder(String AppPath)
2026-01-13 18:05:43      Deleted Schedule Task: Trend Micro Apex One Security Services Support Connector
2026-01-13 18:05:43      Deleted Schedule Task: Trend Micro Worry-Free Business Security Services Recovery Pack Tool
2026-01-13 18:05:43      DelSpecificRegKeys foreach met exception: System.ArgumentException: Caratteri non validi nel percorso.
   in System.IO.Path.CheckInvalidPathChars(String path, Boolean checkAdditional)
   in System.IO.Path.GetFileName(String path)
   in CUT.Program.DelSpecificRegKeys()
2026-01-13 18:05:44      Delete plugin reg key. Key Under: {6138A34F-DCA4-48D0-95CC-51E1D8F30B58}, under HKEY_CLASSES_ROOT\CLSID
2026-01-13 18:05:44      Delete 64bit view REG key Operation Failed.Operazione completata.

2026-01-13 18:05:44      HKEY_CLASSES_ROOT\CLSID\{6138A34F-DCA4-48D0-95CC-51E1D8F30B58}
2026-01-13 18:05:44      DelSpecificRegKeys met exception: System.ArgumentException: Caratteri non validi nel percorso.
   in System.IO.Path.CheckInvalidPathChars(String path, Boolean checkAdditional)
   in System.IO.Path.GetFileName(String path)
   in CUT.Program.DelSpecificRegKeys()
2026-01-13 18:05:44      DelSpecificRegKeys met exception: System.NullReferenceException: Riferimento a un oggetto non impostato su un'istanza di oggetto.
   in CUT.Program.DelSpecificRegKeys()
2026-01-13 18:05:44      DelSpecificRegKeys met exception: System.NullReferenceException: Riferimento a un oggetto non impostato su un'istanza di oggetto.
   in CUT.Program.DelSpecificRegKeys()
2026-01-13 18:05:44      agent REG has not been removed completely.

2026-01-13 18:05:44      Finished running MSI clean bat....
2026-01-13 18:05:51      Finished....
2026-01-13 18:05:51      You need to reboot PC once finally!
2026-01-13 18:05:51      removeGuidsForAgent met exception: System.ComponentModel.Win32Exception (0x80004005): Impossibile trovare il file specificato
   in System.Diagnostics.Process.StartWithCreateProcess(ProcessStartInfo startInfo)
   in System.Diagnostics.Process.Start()
   in CUT.Program.removeGuidsForAgent()
